7470,88,540,909,8820,768,13200,2020,836,1220,1550,1420,77,40,3060,32,96,2570,1670,126,99,641,114,12400,81,2530,5010,21000,3830,1170,353,184,3960,1200,75,982,164,4960,2720,1930,127,140,1820,1010,16100,9,55,71,6560,7920,1080,889,70,966,741,35,544,704,3750,737,14700,4960,11600,26700,3800,10300,4270,1000,11100,5140,807,2560,1890,50,124,4030,37,547,709,110,120,108,82,138,2360,1270,103,67,7630,79,186,131,761,109,753,1640,3730,2100,737,2740,2900,1090,185,4860,1830,63,2260,1220,2440,2000,3550,1230,1730,84,1780,8860,581,3090,684,1460,139,3010,625,590,3810,5410,3540,665,3760,1750,2190,1870,2390,3640,2330,39,990,2570,98,119,2620,78,1430,3340,992,19660,45387,4270,88,6750,5410,2457,165,113,736
8900,104,508,882,8460,709,12700,2070,1060,1090,687,1490,77,28,2520,50,77,2660,995,136,125,110,125,13400,90,2460,3880,20600,3790,1550,377,532,3330,1190,69,1210,176,3480,2410,2230,77,144,551,1180,16100,14,69,61,6110,8830,1120,811,75,1750,1090,35,157,908,3650,917,13700,4240,13500,21500,4100,9910,5420,992,11800,5130,690,1440,1190,46,85,3210,58,740,546,126,112,114,91,90,1940,1220,98,63,7250,89,166,521,122,136,635,1900,4330,1270,742,2860,3560,1380,533,5440,1440,79,1360,1220,1790,1770,3820,1290,1520,71,1700,9980,177,3000,718,1430,147,2390,196,161,1300,5360,3640,512,4590,2230,1730,2130,1650,2840,1820,40,592,1860,112,96,2930,105,1170,2660,1060,18975,41725,3490,81,5870,3210,2012,153,119,1110
10800,133,190,1090,9780,815,15500,2260,1040,2560,608,1400,71,55,3170,54,105,3300,1320,555,132,506,132,15200,98,2250,4940,25500,5930,1530,364,714,4180,1270,82,1310,167,4140,2600,3010,505,574,1130,1310,17700,15,75,64,8340,9230,1630,1370,79,3670,701,35,703,1070,4660,684,15900,5500,15100,21500,7250,10800,5440,3170,12800,5820,859,2280,1560,78,130,3300,61,162,555,151,735,136,105,123,2450,1390,77,70,9610,103,169,145,157,533,711,2590,5030,1870,749,2470,3260,1560,575,8250,2070,71,1740,1410,2310,2060,4370,1430,2040,88,1500,10600,527,3110,169,1390,144,3150,651,180,1520,7700,3790,162,4410,3750,1900,1990,1960,2790,2340,63,732,2140,146,118,2900,84,1170,3310,1335,22405,45740,5120,130,6600,4170,2149,164,109,3440
9010,105,803,729,9200,733,15000,1580,1300,3030,538,1550,63,54,2400,35,65,2680,1140,103,81,146,89,14500,90,2710,4760,24000,4000,1330,89,560,4290,1020,54,948,178,3810,2830,2810,99,739,948,1010,16000,17,47,47,6900,8250,907,1190,61,1360,743,19,183,856,3870,758,13300,4560,12700,20000,5240,8600,4490,1690,12200,5220,1050,1480,1460,68,103,3360,38,138,577,82,486,89,102,135,2570,1260,80,77,8710,93,763,105,99,110,804,1780,6100,1490,707,3570,2710,1290,772,5910,1860,86,1250,1140,1730,1970,3550,1300,1680,60,1600,9710,585,2760,147,1190,122,2570,203,128,1680,7170,4170,144,4510,4480,2290,1860,1550,2770,2170,56,171,2110,111,120,3350,72,985,4640,1306,22275,45470,3070,141,6130,3440,1971,152,104,1470
9450,517,650,931,9210,862,13800,2430,1540,1940,849,1380,62,43,2380,44,128,3890,1450,134,106,152,778,16500,97,2800,4710,24400,4470,1570,306,583,4120,1580,77,1170,165,3680,3080,2430,90,1740,689,1330,20900,17,76,66,6840,10700,1130,1330,75,1350,740,35,505,989,4080,760,14100,4790,10300,22900,5300,10100,5630,1250,11700,5670,1280,2070,1480,59,123,4600,59,146,766,125,345,136,122,117,2550,1390,83,92,7830,108,697,155,529,124,817,2090,5350,1510,933,3760,2250,1300,939,5870,2260,69,1560,1260,2150,2410,5410,1380,1800,88,1800,10800,539,2780,206,1940,591,3510,586,538,1070,6660,3640,529,5060,2340,2340,2010,1900,2860,2270,57,572,2440,127,138,3830,117,896,4050,1705,24095,46745,3320,148,7300,3990,3006,148,144,1750
8110,971,597,1040,10500,878,13400,2550,2220,1670,668,1630,80,46,3610,66,144,4030,1950,167,147,165,139,17300,96,3200,5920,25800,5530,2180,88,848,5110,2650,84,1190,177,4590,3380,2840,101,1040,665,1140,21400,15,73,81,5050,11600,1720,1420,97,1910,741,28,213,1440,4440,756,13900,4940,9910,17800,4850,12000,5920,1320,13000,5220,1060,1540,1230,61,136,4070,86,642,923,145,505,142,93,109,2690,1850,62,81,7940,123,643,136,159,555,552,2560,6080,1520,912,3450,3050,1440,1180,5480,2630,64,2280,1780,1960,3710,5080,1270,1650,99,2030,12200,632,2080,694,2540,923,3670,594,186,1190,7150,3780,537,5450,2330,2400,2140,1960,2600,2350,54,566,2340,139,125,2850,102,1040,3060,1061,22965,46942,4300,148,8930,3540,5176,155,147,1370
10900,128,673,1290,15100,655,17100,3170,1520,1810,634,1710,75,39,2990,51,125,5510,2180,146,99,552,100,16000,84,2590,7450,26300,5090,1720,479,593,5670,1670,81,1620,610,3820,2880,2580,98,638,604,1030,25800,9,87,132,4910,9730,1670,1160,89,2210,792,49,198,1060,4300,957,15700,5860,9230,21100,4830,9480,5330,1490,15000,4990,1300,1240,1270,65,160,3240,72,162,1580,130,129,129,91,107,3270,1320,80,76,8560,145,587,132,507,153,655,1990,4950,1630,884,3420,2920,1270,1150,8700,2390,112,2730,2010,2440,2700,5560,1500,2160,86,1700,11200,781,3210,641,1760,136,3700,547,503,1110,6270,5320,134,5540,2160,1870,1840,2140,2590,2600,73,565,2860,111,124,2820,85,873,2960,1306,25835,47132,5780,749,9200,3970,3215,792,549,1420
10600,132,185,1240,11600,154,15900,1910,1400,2560,894,1320,57,43,2770,40,135,3440,1220,116,93,774,110,16600,79,2860,4930,29400,4580,1870,361,673,4280,1190,83,1350,680,3510,2100,2540,90,613,638,1440,18500,14,79,71,6040,9690,1240,1710,104,1790,832,29,839,1550,5400,1050,16000,5540,8380,17800,4820,7760,4680,3360,14900,4270,1520,1650,1410,584,160,2650,76,139,783,138,128,138,101,118,3200,1240,63,89,10400,536,533,143,728,598,1130,2000,6190,1720,145,2390,2390,1430,186,7530,2300,108,1130,2520,2680,2200,4470,2120,1070,95,1470,10600,744,2360,520,1550,597,3960,611,149,887,6070,4660,142,4090,2050,2090,2330,1780,2410,3330,112,644,2370,125,124,2950,109,941,3040,939,24640,48765,4350,569,7200,3590,2180,141,138,1300
9280,136,733,1150,11700,762,19600,3060,1550,1790,798,1730,76,46,2620,54,120,3950,1210,508,117,164,100,16500,103,3580,5930,32300,4570,1140,313,930,3600,1260,222,1750,139,3160,1960,2670,91,625,689,1330,23600,8,100,82,7320,11000,2010,1430,88,1960,946,42,215,2160,5020,1050,17300,5850,11800,21900,5580,11200,6470,1750,15800,4630,1090,1720,1250,68,534,3050,66,152,1070,741,112,535,98,98,3070,1510,101,91,8450,139,707,135,3990,1340,753,2080,7340,2620,586,2960,3300,1990,172,8380,2140,128,1230,2000,2290,2240,7850,1280,1580,298,2660,12700,880,3220,211,2010,546,4020,733,622,879,8440,4080,544,4560,2890,2220,2690,2030,3540,3930,58,647,3270,192,125,2730,103,1180,3890,1018,26190,51877,3260,137,5480,4250,2110,141,136,1780
8870,144,182,1340,14500,1260,18100,2790,1810,1320,793,1440,110,51,4300,70,128,4330,1500,651,152,632,114,17400,99,3330,6410,33000,5450,2290,309,970,5260,1550,229,1450,620,4430,2010,3130,127,1120,661,1540,28200,25,79,72,7720,9530,1480,1090,73,1890,799,52,789,1480,5140,855,19200,4590,12600,20600,5160,9290,5620,1200,15000,4630,1770,1440,1330,83,185,2570,59,526,1440,613,337,510,107,106,3660,1750,62,83,8710,129,646,131,3830,572,662,2340,7160,1950,155,3130,2930,1880,520,8030,2290,83,1870,1590,2380,3140,6180,1370,1330,328,2630,13200,1090,2190,662,1420,135,5090,567,173,1070,9490,4150,887,5050,2730,2720,2230,2530,2690,4280,75,217,3300,537,141,6450,586,990,5260,1143,29100,54650,4340,176,6880,4360,2085,167,118,1290
9460,168,615,1520,12500,813,16700,3440,1330,3080,660,1360,83,57,3980,86,138,3780,1620,142,138,773,113,16800,98,3640,9530,31700,6460,1570,326,2230,4150,1220,83,1280,663,4360,2240,2960,109,611,673,1850,22900,16,88,71,8390,9500,1400,1150,71,1860,852,50,688,1150,6260,1010,18400,5760,11200,16200,4950,10900,5850,1320,13700,5380,1230,1670,1420,86,560,3120,88,166,832,160,402,678,118,137,3640,1680,114,113,7900,130,703,177,1840,139,644,2160,5890,1890,536,2900,2210,1660,749,13700,2200,91,1970,2080,2820,2280,6000,1570,1790,90,2230,12500,799,4470,732,1980,155,5290,614,513,1110,7440,4020,504,5140,3610,2340,2030,2500,3010,3440,75,592,2460,158,184,6280,130,1670,4430,1470,28770,48655,4660,552,10800,4590,2547,618,150,1390
8440,133,915,1280,12200,621,14700,2640,1110,1830,661,1270,70,66,4150,69,105,3110,1210,116,127,142,105,15200,84,2740,5230,28500,6770,1160,121,726,4960,1420,76,1040,137,4140,2200,2240,107,669,645,1420,21400,8,92,68,5890,7500,1570,1050,85,1170,808,38,517,937,4990,767,20400,7470,9690,14200,4090,8890,4610,1070,12600,4500,1100,2300,1470,84,133,2020,57,104,1010,120,116,132,103,97,3110,1360,108,98,6480,103,171,146,910,135,1240,1770,4760,1570,159,2040,2120,1500,695,14000,2620,102,1850,1370,2320,1990,5030,1460,1420,80,2030,11900,746,2510,804,2010,97,4300,687,677,1420,5790,3590,162,3580,3460,2370,1680,2470,1900,3500,61,200,2690,128,114,3270,105,1100,3730,1200,24580,44142,3760,121,9580,2960,2547,150,127,1680
9040,123,662,2110,10900,637,19800,2550,1210,2200,166,1360,838,51,2990,62,137,3200,1530,594,515,124,879,16800,87,2340,6360,29600,8020,1310,1001,804,4530,1270,213,1120,130,3840,4210,2590,88,187,662,1540,25100,13,95,73,7460,8240,4610,1250,68,1750,1470,36,166,952,6180,703,24900,7290,9900,15600,4860,13300,5090,961,12800,5340,778,7060,2840,42,100,3190,41,508,867,100,106,123,127,150,3680,2680,614,86,8480,120,908,176,716,958,1440,1780,5670,1690,635,4240,1540,1690,661,10800,2010,86,1390,1130,2340,1770,5250,1610,2490,284,2270,9010,1170,3000,1340,3010,658,4590,633,893,1220,6910,3240,152,4200,3620,2260,2350,3440,2000,4480,41,704,2410,181,648,2410,103,1480,3290,1635,28425,61732,4010,129,8650,4330,4082,146,847,1570
9220,751,175,1470,11700,1160,17900,3190,1290,1950,680,1520,646,52,2970,49,107,3170,1560,545,127,139,1330,16400,97,3520,5580,27200,6730,1540,677,1060,8670,1110,75,1200,185,3940,3110,3060,118,505,722,1250,25700,28,126,62,8050,8840,3560,1500,60,1760,1100,32,158,1020,4520,786,18500,7370,7500,15200,5160,10200,5450,1090,12300,5110,780,3640,1250,48,130,2910,62,797,810,122,104,660,134,135,3160,1630,94,74,8350,91,554,182,786,159,855,2090,6060,1570,154,3350,1840,1450,612,9010,2060,88,1530,1480,2050,1760,4390,1950,2280,270,2980,10900,1320,1780,740,6300,144,4050,641,907,890,6910,3010,503,5120,3340,2760,2050,2710,2160,3550,41,1320,2280,539,137,3660,129,943,4400,1251,25415,54357,3940,141,9530,3880,2541,164,150,1440
9140,884,546,1220,13500,1110,17100,3060,1190,1990,850,1370,83,86,3280,65,134,3160,1410,155,103,132,532,17700,84,2480,6640,33800,13700,1660,95,1110,5190,1120,63,1480,583,11300,2650,3390,112,570,160,1200,26700,32,113,73,8010,8480,1450,1930,69,2060,824,25,192,1690,5900,764,20900,6350,9360,17500,5500,12200,5310,1200,13600,5660,794,2230,1400,63,135,2930,41,180,814,128,105,926,114,129,4530,1860,85,60,8720,118,594,171,711,145,1780,2380,6390,2660,161,2080,1700,1340,840,6970,1890,87,1690,1530,2170,1910,4660,2100,2040,72,2650,9610,600,2300,1030,2700,124,4040,197,862,1070,6720,3080,142,4390,2940,1960,2140,2440,2440,4170,64,596,2220,135,142,3050,100,779,4830,1263,26820,57340,3700,146,11900,4150,3760,878,107,2740
9570,1050,506,1180,14800,724,15500,2890,1320,1980,792,1350,71,55,4010,74,154,3980,1490,799,136,191,716,20100,82,3750,7100,38700,9330,2010,386,1120,4240,1360,74,1120,199,5730,3560,3670,81,536,649,1220,27100,20,106,45,8200,8920,1650,2060,66,1680,849,28,1910,1170,5370,793,20000,7590,8690,16300,4570,10600,5370,1460,13400,6090,1360,2430,1650,57,148,2600,85,166,790,133,123,1130,143,174,3890,1700,153,88,9800,133,678,703,834,145,2020,1920,6460,1710,557,3360,2340,1330,807,6510,1780,69,2870,1410,2750,2190,5820,2020,1750,76,3030,10700,632,2220,788,2190,144,3950,563,790,1910,7820,3620,557,4740,2740,2170,1830,2150,2780,3150,78,931,2880,144,120,3030,111,886,5040,1064,28385,61530,4100,159,7330,4640,2776,860,918,6430
8000,198,197,1020,15700,726,16100,4440,1090,2680,1060,1570,79,45,5230,65,154,3930,1390,544,138,522,538,19400,70,2980,7920,40800,9470,2170,398,779,5060,1490,71,1490,178,6700,3320,4220,119,628,633,1490,27000,13,138,92,7710,9250,1490,1670,85,1860,990,40,1040,1740,5360,651,18600,7810,10400,14900,5130,14300,6060,1440,13400,6340,911,1600,1520,64,554,4890,74,511,749,543,123,592,126,813,3870,1940,106,81,8910,125,590,880,8300,149,1650,1850,7430,2260,706,3650,1860,1700,613,6760,1920,99,2230,2240,2640,2200,7790,3200,2880,82,2690,11100,628,3050,709,2730,159,4540,722,957,1340,7630,3270,559,5150,2660,2120,2610,2790,3450,3740,74,655,4420,164,173,3570,107,758,4400,1093,27155,54260,4290,148,8800,5010,2712,854,155,3530
10100,197,753,1790,18800,690,17300,9670,1220,1940,852,1970,114,63,5570,54,623,4380,1660,624,156,132,607,20300,91,2750,8510,33400,9360,2130,364,3030,6640,2800,85,1660,162,6500,3040,4260,146,800,558,1300,35100,10,147,107,6750,13000,1490,2980,84,2440,1210,31,564,1570,5300,762,19000,7470,11600,14700,6930,13400,8670,1560,15800,5490,1040,2210,1380,63,153,3030,110,548,1000,508,138,757,617,180,4080,1830,117,102,10200,145,190,596,1350,176,1240,3760,7580,2230,945,3690,2460,1520,641,8330,1840,91,3700,1870,2970,3260,16400,2730,2520,88,4820,12600,887,3840,809,2720,186,3960,552,1430,1310,9090,4770,526,8550,2570,2110,3560,4580,2550,3660,59,966,2570,565,166,5090,107,1250,4480,1290,30370,64740,5470,145,9570,4320,2656,633,537,8090
13000,167,714,1820,18500,692,21700,4290,1030,1770,1060,1690,117,91,4650,60,651,5770,2040,845,112,1020,587,21900,80,3150,7940,42000,14000,2160,382,1210,6170,1720,76,1370,601,6170,2640,4060,109,511,684,1190,37000,15,144,79,6470,12500,1930,2050,87,2140,974,56,565,1670,6610,911,22500,8440,14300,16400,6510,16400,6420,1620,17200,4800,880,1960,1710,58,191,3360,103,534,1130,602,518,501,543,137,4710,1850,132,114,11600,732,582,179,1010,641,1230,2220,8150,2410,931,4470,2450,1510,560,9290,2680,93,2470,1740,2920,2300,8970,2300,2150,77,3590,13200,758,2100,909,4060,176,4820,194,766,1020,10700,4410,648,6770,2900,3100,2250,2740,2440,3350,62,700,2890,197,132,3910,120,1240,4230,1178,35580,77032,4470,160,10200,4940,2660,602,511,5580
11700,144,718,2520,23300,1190,23500,3150,2070,1620,2110,2320,73,56,5830,54,536,6470,2210,176,98,572,827,20900,67,3650,7410,77600,7770,1740,363,1720,10600,2690,58,1840,1330,5500,1880,4070,99,1330,947,1600,28200,6,108,99,30600,12600,1750,2770,98,2220,993,42,2220,3400,7770,2170,19700,8370,9640,13500,6250,9480,6880,5440,15900,4720,1750,2600,1040,538,162,2620,86,126,987,1670,377,144,556,167,4370,1920,928,118,13300,802,565,180,897,182,1590,3670,8960,2190,656,5710,2300,2500,535,11500,2320,100,3720,1720,2710,4280,5560,1890,1320,61,4120,26400,614,1610,533,4790,97,3980,764,733,1170,8460,5320,518,7910,2890,2430,2840,2790,1860,3730,639,576,3750,643,154,4000,140,888,7470,860,33555,81020,3760,910,10600,5320,2019,601,634,3650
12400,181,625,2320,21800,1600,17100,3690,1680,2010,1390,2250,84,56,9490,71,143,4000,1930,699,543,140,123,20300,73,4410,11000,35100,9400,2090,313,1550,9110,1200,89,1680,818,6990,2000,4790,104,704,519,1780,31700,8,510,80,17600,9660,1750,1050,69,2550,819,47,3060,2990,8540,691,20100,8100,9360,14500,6680,10300,6150,2350,15700,5170,1150,2010,1470,74,135,2590,92,561,1100,124,132,834,141,106,4380,2090,113,83,12400,718,155,167,945,146,1010,2210,7530,2590,1010,3340,2450,1410,568,11200,2220,73,5060,2330,2310,2310,7570,2050,1870,80,4440,16300,711,1900,568,2340,145,5680,638,714,2140,7490,3770,126,5750,1930,2090,2140,2570,2090,3860,76,596,3490,555,143,2990,103,894,6520,1300,33930,87717,4760,676,13900,4680,1867,1210,161,2660
11100,662,654,2100,23600,969,21100,4450,849,1800,1970,2210,138,62,6060,79,149,5250,2270,974,192,696,536,22300,80,4090,10800,37000,9970,2520,417,1370,6160,1230,267,1950,161,7170,1850,6850,105,1160,169,1620,33900,4,504,109,11900,11900,1700,1390,49,2960,1250,46,569,3000,9630,1780,24500,11400,8040,14800,7110,8500,6620,1560,19900,6040,2210,2560,1410,83,186,2320,111,180,913,546,171,794,587,655,4250,3190,93,114,11900,502,155,636,881,797,881,2260,8340,2140,671,2920,2430,2010,735,9290,2220,522,4810,2470,2340,2080,7870,2280,2430,344,4900,14400,1560,2320,601,2130,166,5520,832,755,2090,7570,5120,529,6040,2630,1600,3280,2680,2560,4330,72,725,3210,549,143,3090,108,1320,6210,1605,35135,83045,5350,702,10500,5310,1743,629,583,2360
12400,143,770,1880,23400,1100,23200,3030,976,2100,893,1380,87,87,4930,59,541,5400,1810,861,510,151,559,20600,106,3340,9520,35300,9450,2880,357,794,7480,1530,724,1620,145,6120,2390,5270,82,683,521,1440,31000,10,139,62,11900,10400,1380,1140,70,2010,1550,51,1160,3100,8650,1350,31700,13600,8970,15100,7170,11500,5650,1500,15600,6590,859,4010,1440,58,160,2180,73,193,791,767,442,161,1320,186,4000,2730,80,106,11600,103,546,202,917,172,764,1710,10400,3020,566,3580,2030,1360,902,11000,2080,115,2840,4500,2730,3010,7820,2040,2800,765,3600,12900,2400,3090,592,1790,118,5070,197,189,3960,9690,3960,159,5420,2370,1380,2110,1880,2160,4220,62,679,4860,154,148,5730,101,1340,5100,1590,34315,76592,4080,146,10400,5540,2273,1210,136,2590
10900,139,1320,1520,17000,773,18700,2980,928,2700,744,1640,76,47,4500,52,849,3420,1420,617,158,147,124,16700,99,2810,8130,30700,7430,1900,398,789,7170,1320,290,1360,165,5790,3690,5570,112,758,609,1440,28400,15,136,66,8540,8210,2160,1910,77,1830,1910,61,209,2180,6920,801,31200,11900,7620,12000,5900,20500,4860,1240,15200,6090,931,2230,1930,62,571,2670,56,203,940,525,131,190,901,174,3930,2570,139,88,9240,140,159,543,961,172,795,1730,8890,2120,630,2850,1870,1500,1050,14400,2040,83,2950,1910,2640,2690,6500,1810,2110,388,3970,11600,1240,2550,647,1460,165,5020,680,593,3430,8040,3380,154,4100,2550,1520,2350,2170,2150,3720,75,721,4880,182,151,3350,102,1150,6170,1260,31615,62210,3700,143,8780,3760,7325,964,156,4430
13000,162,567,2060,18100,845,21400,3520,732,2290,927,1310,92,45,5120,46,125,3760,2140,941,125,588,134,17100,80,2070,9100,33200,10400,2530,478,978,7690,1760,80,1040,911,6380,3390,5880,84,713,652,1420,32500,16,137,73,7630,9320,1360,1350,81,2010,892,45,192,2990,5250,987,22700,12200,9730,9380,6940,17300,7130,1770,15900,6090,859,2100,1230,978,171,2240,46,143,763,564,104,157,1490,117,4350,2860,96,118,9950,119,689,134,1070,140,539,2010,7640,2040,687,2770,2680,1720,627,11400,2000,86,3290,2570,2420,2320,7590,2360,2580,85,4750,10800,1160,1730,860,1880,158,3790,648,793,1740,7750,4290,119,5810,4760,1550,2440,2810,1980,3450,106,840,3130,167,156,2650,92,675,5660,1655,34115,71377,4050,720,11600,2800,5520,711,127,2970
14700,649,610,4440,22900,910,22100,5430,781,2300,1170,1690,141,61,7210,61,615,4360,2560,1480,190,139,816,19800,84,2480,13800,41400,11300,4100,611,890,8460,1960,85,1670,1070,8070,3010,8560,142,746,173,1560,37100,7,504,110,8360,10800,1550,1620,65,2580,1510,678,204,3910,7550,1620,26500,13200,11400,8960,9070,15300,7080,1470,17600,6450,1080,1930,1700,108,168,2390,73,545,917,742,414,693,2700,1680,5260,2970,135,90,12600,162,573,586,631,179,791,2990,8820,2510,749,3100,2850,1920,765,14100,2390,92,5240,3570,2740,2650,9900,4120,4200,94,5920,11500,891,2370,857,3220,128,4070,1450,981,1840,9220,5360,626,5740,5100,4260,2480,2930,2100,4130,634,752,2950,661,155,3140,119,1220,7270,1497,37310,82142,6250,599,14100,3320,4187,844,201,2550
13200,872,503,2060,21900,1580,20000,3920,1240,1480,1110,1420,100,49,7970,44,132,4170,2110,1220,135,559,135,21600,70,3730,12300,44800,9630,5070,602,910,13300,1710,70,1470,147,7640,2770,6730,121,657,558,1350,35900,10,116,57,8830,11300,1320,1410,72,2850,960,54,691,3960,7340,1030,22000,15100,11000,9100,6630,15400,7210,1930,17300,5990,1100,3600,936,87,188,2120,54,200,721,534,158,631,826,1450,7290,2600,92,76,24700,126,207,176,670,170,692,2270,8710,3330,742,3340,4480,1430,634,11800,2130,113,5310,4000,3310,2300,8840,2270,3950,78,4950,12400,1010,1850,670,1860,111,4010,845,635,5680,9160,5360,140,8640,5680,1590,1990,3010,1740,3780,68,582,4580,891,130,4680,114,1140,6650,1605,36055,82387,5710,165,12200,3210,2411,816,183,1370
12400,211,181,2170,20400,1310,19300,5010,1300,2010,1380,1830,119,45,5740,75,159,4140,2200,878,141,143,149,21400,58,3360,11700,41800,10200,5800,522,834,9650,1410,65,1750,127,7570,3230,8910,177,851,516,1350,38100,19,154,67,7620,10800,1520,1750,76,4190,868,56,693,4080,9920,1090,22400,15900,10300,9230,7530,17500,8070,1370,15800,7830,1590,1990,1530,81,738,2370,90,187,865,590,133,168,756,607,5710,2520,105,109,20200,145,531,158,1860,166,1730,2090,8180,2360,1070,3950,4350,1740,638,12800,2830,96,3850,3280,3040,2150,10800,2360,2060,73,4810,11300,827,2160,972,3050,138,5160,760,610,2560,8630,5580,122,6770,8250,1640,2390,2600,2140,3740,74,654,2780,554,152,3170,140,786,5870,1699,37350,74422,5510,506,10900,4050,3450,775,147,1630
11500,892,608,2600,25300,831,21000,3880,995,2000,1580,1860,173,53,7570,51,150,9470,2650,1060,159,514,668,19400,82,2730,12800,42600,10400,6970,129,980,9980,1390,65,1710,145,9290,4650,9070,106,890,596,1550,58300,13,1600,101,6170,11000,1790,1970,74,3490,1150,78,545,12400,7140,1120,23700,18500,25900,10200,8410,15600,9620,1560,15800,6270,2060,2170,1190,573,545,2940,88,177,784,599,444,575,876,1150,6690,3060,129,127,11200,166,194,577,1420,523,847,2730,8660,5420,1730,4960,4770,1240,873,11600,2110,93,4960,3800,2980,2270,11000,2500,3230,80,5080,12100,892,2970,1870,2700,144,4840,965,811,1980,12300,5140,132,7940,3640,1580,3420,2500,2200,3830,100,737,3460,901,177,2950,120,898,5690,1666,39610,77845,6410,976,13900,3210,3217,1960,156,1860
14300,603,672,3520,25000,1250,22800,4390,1140,2260,1050,1540,139,79,6140,55,185,5700,3130,1120,148,150,755,18800,90,2580,11000,44500,11200,11000,608,1200,7920,1450,96,1420,188,9160,3460,8310,94,644,533,1280,43800,22,651,70,6760,10900,3540,1530,56,3480,1420,82,974,23000,6690,1700,25200,19600,14300,8740,7150,12400,9870,2120,15800,5050,1430,2490,1240,619,622,2050,58,948,990,641,318,555,631,175,6420,2880,141,110,11000,530,197,169,1670,596,1140,2140,7950,7860,1790,5380,3740,1430,555,10500,2960,106,5090,3080,3370,1980,10000,2610,2060,114,5070,13000,981,1840,1060,2350,616,4990,515,910,1920,9720,4940,567,6860,2700,1890,2860,2580,1800,3340,99,781,3560,850,169,2970,550,1270,5950,1130,41180,72180,5090,197,13900,4100,2426,1200,161,1690
15300,148,803,3620,25900,791,22600,3540,734,1640,974,1690,111,62,7270,31,146,4850,2170,742,154,147,563,19400,84,3380,12900,39200,15500,5890,514,1080,7030,1120,253,1360,621,9490,2150,5920,141,1130,695,1790,30000,13,903,81,7300,10900,1730,1630,57,2140,1140,31,200,9670,6610,1340,23300,16500,10900,8430,7690,12400,5620,3460,15800,5580,1030,3020,1520,92,536,2420,59,902,2690,549,329,666,702,137,6430,2450,82,116,11500,173,532,171,2010,172,880,2330,8680,2930,1190,4790,3530,1520,633,9910,2590,113,5170,3390,3230,2240,8990,4000,1870,362,4910,11300,817,1820,674,1900,143,4640,782,689,2240,9370,4510,158,5710,3180,1560,2400,2620,2120,5860,86,640,3430,551,161,2810,107,955,5300,1150,38485,74817,6260,176,16000,3650,2447,948,173,1680
19400,590,513,3090,29100,1190,21300,4650,895,1500,1370,2310,152,73,7680,92,146,6220,3740,1450,179,157,539,18400,77,3240,14800,44500,13400,6360,559,2120,9140,2320,77,2540,140,9430,1990,8290,127,1300,563,1690,43400,16,1580,84,9340,13200,2780,1650,87,2830,1630,62,602,13600,6860,1240,27500,16600,16200,8300,7740,16100,7290,1450,17100,6540,1720,2410,1080,56,757,2170,79,179,2120,609,157,1330,653,199,5630,2990,101,121,11000,190,186,644,803,523,929,2280,8280,2750,918,4250,2910,1730,635,9740,2430,102,7220,3790,3060,3750,11000,3660,1810,92,6120,13600,1010,2100,746,3200,565,6950,935,1470,2050,10800,4180,142,6490,2990,1710,2560,3420,1790,3970,86,815,3000,1170,597,3330,156,1370,6530,1069,40130,88265,8450,658,18600,4440,2481,1130,189,1720
20600,833,605,3650,28000,2530,23400,4280,1130,1530,1780,1670,163,66,7140,126,633,6550,2880,1610,550,791,582,18100,93,3950,15500,40800,12800,7600,795,1120,8260,1970,88,2490,133,9980,2650,8100,158,807,649,1890,41200,8,932,116,7750,9800,3860,1910,79,2800,1890,85,903,12000,6610,1490,27000,20700,14400,8650,8070,13900,6470,1470,17700,6690,1930,2600,1280,93,1270,2160,85,538,872,133,316,642,905,1070,6020,3370,95,117,9810,507,587,1150,1070,187,930,2200,8720,2860,1410,6160,2470,1860,940,15200,2300,129,6220,4430,3990,2790,12400,2970,2690,296,6610,13100,1400,2050,1110,3110,505,5680,909,1160,2890,9680,4720,577,5980,2810,1940,2890,2910,1750,3850,123,1110,3900,1050,653,4080,141,1580,6540,1495,37380,81297,11800,658,14900,4760,2847,942,615,2070
21400,590,1200,3710,27400,1170,23600,4520,1080,2130,1010,1940,163,78,7050,120,188,6550,2320,1890,194,803,620,18700,86,3390,15900,46000,13900,6050,1266,902,7820,1080,98,2500,107,8190,2690,7820,121,591,535,1650,44400,17,854,117,7260,11300,2330,1780,70,2860,1530,69,503,10200,7740,1300,28100,19500,13000,9660,8770,13900,7030,1440,16100,7860,1370,2680,1600,67,613,1870,86,512,771,139,483,215,711,661,5540,3540,553,158,9900,155,854,1200,1250,564,1060,2150,9590,3970,756,5010,2360,1520,1010,10900,2720,141,5960,4270,4000,1960,13300,2820,3410,302,5340,12700,1380,2320,986,2290,198,7810,749,1410,3720,10400,4560,603,6480,3570,2350,2540,2790,1830,3660,81,938,3410,1070,611,5470,135,1350,7180,2540,37865,80805,9330,576,15900,4910,2730,1770,577,1930
21200,199,1380,4760,24600,976,19400,3900,1150,2270,1100,1460,167,65,6990,75,131,6670,1940,1810,186,690,781,18700,63,3300,13600,43300,9800,3990,1524,679,7500,979,76,4220,142,7240,2600,6140,142,514,578,1600,38400,16,618,92,7840,8880,3290,3440,109,2050,1410,56,218,7990,6350,823,29600,18600,14600,10400,6020,11500,6580,1640,15300,7140,1870,2020,1810,85,1880,2200,84,192,892,100,160,539,712,586,5890,3970,1540,138,10100,147,737,518,1460,157,1200,2560,7040,3160,887,7470,2510,2040,861,13500,2650,107,5390,3180,4320,1900,11200,2160,1940,87,5150,12000,851,2920,903,2340,170,4480,963,1390,2640,10300,4160,640,5480,3940,2250,3160,2930,1890,3270,76,662,3740,1210,200,3850,547,1340,6480,2800,33560,73067,7620,569,13300,5050,2713,3970,571,1190
14900,577,676,3640,24900,1090,20600,5690,915,2130,1550,1660,166,59,5670,59,147,4670,2600,1380,154,101,515,31200,75,2820,21300,37900,12100,4560,1366,886,8630,1930,69,1400,1300,7540,2750,8710,90,854,529,3160,46300,8,933,73,7150,13000,2570,9340,61,3170,912,53,14400,4520,6230,775,29500,17100,14500,6700,9050,13100,8510,1760,17300,6400,1300,2120,1180,52,184,1940,60,166,748,511,130,183,555,198,4630,4250,568,119,8950,136,584,190,710,141,791,2650,7920,3110,2280,5720,1880,3880,943,11400,2610,78,5140,4100,2690,1990,17400,2650,3850,90,5820,13300,871,2680,887,1750,139,4080,2060,1210,1260,9320,4370,110,8100,2380,1630,4200,5000,1640,4830,71,693,2940,1530,151,2840,92,1130,8300,1855,37915,81310,5770,180,13300,2920,2196,1500,177,1280
12500,195,652,3350,30300,1700,25900,4800,997,2350,1170,1710,188,52,7120,162,187,5960,2580,1630,171,139,692,23600,79,2820,30300,47600,16200,4410,363,944,10700,1070,86,1880,556,9250,3130,8180,138,773,558,2140,52000,15,871,83,8110,13900,2160,10200,71,3750,1130,61,6420,4810,9230,935,32000,22400,11900,9460,9820,19400,7720,1270,17600,7910,1230,2450,1240,77,206,1630,76,185,1310,716,148,170,990,160,6460,4660,685,146,11500,696,753,566,847,702,930,2990,9050,3010,1360,5910,2300,1920,867,10800,2660,84,5720,4440,2940,1900,15800,2620,3540,92,6030,19200,878,2240,971,2400,198,4840,921,904,1860,9400,4520,106,7300,1680,1650,3150,2970,1720,4620,79,968,3870,1700,176,3660,142,1700,6970,1870,42020,91805,7680,183,16700,4000,3421,1410,546,1810
13400,143,614,3010,26900,1310,17900,4490,880,1390,1400,1960,143,521,7530,61,139,4930,2760,1790,161,112,536,17300,51,2350,16000,47600,12700,4210,967,673,8500,846,71,1850,138,7570,2190,8290,105,1420,148,1710,46100,4,581,77,5910,11100,1570,10300,67,3450,1110,71,3420,4190,6800,1050,25000,19900,12500,5970,8300,11400,5730,1280,14300,5900,2010,1960,1160,1960,547,1700,44,174,571,566,126,148,638,159,7000,4120,118,150,12200,178,208,191,757,154,1180,2150,6190,3910,881,4040,2880,1810,790,9230,2920,78,5340,4290,2350,3620,17700,2600,3650,93,5460,15100,770,1410,967,1760,151,4530,691,783,1420,7570,4170,775,7310,2170,2080,2080,2120,1680,3800,87,501,5190,859,175,2890,124,989,7040,1446,32315,87145,7070,600,15000,3680,1874,1190,166,1570
12000,661,1280,3790,35200,1110,23200,6240,909,2060,1460,1800,171,94,7090,77,175,6860,3340,1720,601,121,1050,19500,83,2680,18700,42900,15900,6410,1667,1060,7980,1250,75,2030,125,9370,2570,9700,114,998,567,1570,53900,12,767,673,4620,14500,3640,13500,57,5540,1040,60,2290,7370,7400,875,27300,21200,13800,6640,9680,18500,8770,2700,16900,5850,1440,2020,1400,587,209,2120,70,558,1190,104,108,186,880,919,6460,4120,130,126,23700,512,748,660,718,519,1500,2480,8350,3480,1120,6370,4600,1430,937,12800,2760,81,8280,4850,2730,1700,33100,3550,3550,96,6220,11500,969,1720,1760,3740,183,4710,1200,1390,1820,13900,6520,125,13600,2680,1450,2220,2970,2020,3810,99,978,6100,1070,651,5320,112,1550,6170,1582,36340,87920,9310,605,15000,4440,4402,1470,764,2180
16600,504,7220,3730,56800,1100,29400,5610,768,2640,2030,2050,177,68,6330,91,681,13800,3560,1840,672,104,3740,23900,90,2090,29000,44200,15000,5820,4070,993,8480,1110,89,4610,126,8870,3350,9620,126,990,174,1330,62200,14,833,143,4160,19600,20000,8280,58,5220,1110,54,1970,18000,7470,2220,24600,20100,15000,6740,8720,27500,11400,1660,23300,4900,1920,1900,1550,2500,192,2450,113,550,790,124,126,203,917,789,5380,4550,122,161,33100,149,683,1220,894,196,731,4820,9890,3290,865,17200,5960,1460,875,9610,2740,70,21200,5580,2240,2500,39700,3460,2250,337,6040,12600,1340,1780,2060,9770,201,4760,4310,7610,1750,26900,10100,141,12700,2640,1680,2190,4800,1870,4490,115,1370,2500,1050,613,6140,102,1320,6280,1408,34305,107417,28400,2070,14800,4000,8864,1210,227,2720
16500,173,1130,3790,50500,1190,22300,5920,1060,1900,1220,1920,156,61,7970,52,214,8780,3270,1840,1470,575,890,18600,76,2150,25700,44300,22200,6310,1399,936,14000,817,90,1260,522,10200,2400,10600,109,813,552,1340,55400,9,803,75,5090,16300,10800,4400,48,4490,1450,54,2430,6910,7930,1760,26900,22100,11800,6440,7560,14900,7000,1900,15300,4710,1710,2200,1390,528,505,1940,124,724,1620,116,134,576,839,575,5650,4710,563,145,19900,163,182,661,695,192,966,6940,7410,4090,1690,6350,2780,1510,716,13500,3100,104,15200,4620,2990,1940,21700,6000,2590,300,5470,12000,923,1620,1380,5250,587,4850,1200,1430,2450,14600,5300,96,14700,3050,1540,2040,3220,1680,3950,73,1470,3030,754,521,3470,96,3380,6830,1516,30020,86480,28000,202,23800,4810,3366,1190,576,1570
13700,179,906,4030,28200,1220,21100,3230,1050,1740,1380,1840,164,52,6710,50,173,5190,3140,1690,199,147,162,18600,78,2370,16800,38000,18900,4720,1198,827,7990,855,213,1610,135,9700,2300,8570,80,767,154,1360,35300,7,819,74,4770,8970,2490,2680,99,3760,1100,48,3560,4850,8130,1940,26800,23300,10400,8310,7110,14900,5110,1990,14700,4460,1710,2440,2190,88,200,2850,55,1240,903,617,312,175,723,200,7740,3280,642,116,14500,178,178,558,742,530,1130,2220,7510,2630,866,3500,2630,1430,757,18800,3120,89,6590,4690,3710,1510,11000,4810,1940,305,5240,12200,1480,2810,890,2600,1370,5480,751,924,1450,9270,4440,614,6060,3220,1800,2240,1890,1850,3770,111,748,2960,793,510,3620,67,1270,5460,2115,25420,63517,6920,522,18400,3650,2594,1130,188,1720
15300,780,870,4040,37700,1270,21700,4500,1070,1340,1800,2050,135,60,7080,63,204,4820,5210,1580,606,132,515,20000,68,2770,19300,44400,18000,5130,1069,639,10700,1040,91,1630,139,14700,2440,11100,95,1890,162,1660,51200,3,851,89,5730,9580,2260,3400,69,5480,1140,83,1950,6550,7490,987,28900,22100,13400,7670,8180,18100,6360,1950,19100,5630,2040,1840,1200,86,627,1750,91,584,724,923,130,189,755,208,6890,5370,158,148,14400,185,166,898,757,519,987,2060,7300,4100,2720,3910,2270,1390,959,15500,2420,77,5630,5280,2870,1780,17200,4710,2500,288,7160,11500,1390,1270,1080,5320,507,6430,893,1050,1780,6930,4170,116,7100,1760,1480,2180,3720,1850,4280,80,740,2740,1110,545,3010,96,1300,6930,1241,26810,96822,6970,556,19800,4090,3244,1030,189,1390
16900,842,955,3440,39700,1120,26000,4760,674,1430,1580,1890,160,86,10200,61,707,6050,3790,1440,623,513,612,21100,70,2740,29600,53800,16800,6450,1467,820,12900,1270,104,1700,122,18500,2110,10800,113,1300,174,1660,53600,10,816,102,4960,9560,1910,3260,60,5490,1740,58,3640,6390,8520,1690,33700,27500,11000,7510,6950,13100,6350,1870,22000,6720,1980,2730,1340,91,757,1920,94,541,886,764,177,194,947,214,8090,4750,123,145,11800,195,183,541,1490,512,993,2270,8250,4800,2020,5190,1940,1390,916,12600,2470,611,6800,6080,3420,1610,19600,4450,4980,292,7050,11700,1130,1990,1030,7150,502,6740,734,1080,1940,7390,6030,698,6140,1740,1780,2180,2360,1930,4750,77,923,3920,876,180,2630,129,1540,7920,1955,26695,96287,9050,191,21800,6800,1912,3740,525,1640
14900,594,755,3930,40200,790,25700,4900,818,1980,1180,1970,187,101,9190,48,645,6330,3260,1490,190,675,765,21000,67,2560,20800,65400,18100,8440,2091,510,13600,666,90,1500,624,15600,2150,11200,116,737,545,1480,56800,13,857,86,5660,11100,1710,5820,52,4500,1830,80,6650,5480,9950,671,35300,30600,13100,8310,16600,12800,6680,1850,20000,6850,2100,3020,1230,125,1030,1890,107,645,959,107,480,178,1310,226,7430,4740,587,121,12400,513,632,672,3450,1020,1560,2070,10300,6240,1590,4550,5980,1550,1170,12100,2370,129,7080,6340,3040,1510,31900,4010,5910,111,7310,14500,777,2770,952,2840,185,8700,231,803,2200,7940,10500,655,8730,2300,1760,2090,1890,2130,4240,106,1160,5080,858,204,4440,158,1090,7490,2210,27245,104995,9820,880,19200,5840,1758,3830,576,1710
14900,778,817,3300,37200,849,23900,4860,862,2400,2240,2060,901,69,10500,55,156,5030,3090,1750,211,137,692,19300,64,1880,20000,49800,14900,6290,6605,691,12400,744,84,1510,128,13500,2830,10100,130,1310,154,1480,53900,12,749,108,5330,9110,2240,4520,106,5170,1420,67,4100,6030,7280,721,31600,30100,12400,6980,8650,14500,5960,1290,15500,5970,1870,2480,1640,118,1530,1890,105,1420,937,133,131,165,1030,200,12800,4900,108,112,12100,166,147,591,1460,180,1400,2050,6270,4860,1090,6030,4500,1660,1010,13200,2680,88,7210,5670,3520,1560,21500,3800,8930,92,6400,17400,854,1900,1350,3040,1030,5070,505,912,1570,7840,6700,751,7120,2160,2090,4540,2490,2110,4070,75,774,4380,917,661,3410,134,1240,7300,2250,24800,85920,8240,157,20400,6310,2253,1410,166,1770
9520,638,3460,3920,37900,717,22300,5350,76,3650,1170,1160,105,51,8650,24,98,4750,3200,1370,96,915,560,21600,22,1890,21800,42400,20200,7680,2694,612,12100,632,34,1720,46,11900,26300,11000,80,1090,105,1820,63400,10,1080,71,4680,8670,1810,3170,27,4880,1230,37,2470,7870,7190,544,31500,28100,16900,6530,7080,19900,8350,1910,16900,9460,1120,3350,2380,46,114,1650,52,797,19700,49,92,82,1560,87,5830,5720,584,71,9710,90,940,84,928,90,713,2280,8540,4900,1690,4250,1470,1160,3250,9540,3140,37,6630,7480,2980,1310,18900,6400,6590,40,7690,9880,907,4520,1730,2360,527,4810,692,839,2390,7500,3360,746,5410,3170,3030,2210,2260,2740,4080,36,748,4240,993,14800,2650,692,1500,7670,1960,23415,115707,8630,97,21800,4020,2598,9610,94,2570
18100,1420,2150,5750,50900,1500,30500,8410,708,4930,2130,1610,879,52,15400,42,646,7920,5770,2630,828,63,3240,33400,23,2300,34600,68300,31000,12100,5230,1230,19800,844,34,2340,32,140000,10900,16900,502,3210,635,4240,107000,3,2520,79,6260,11300,4690,4250,29,8860,1730,48,6440,11900,12700,1050,37200,46500,18700,10900,10600,24900,9510,2330,102000,8730,1790,4290,3830,40,1290,2980,68,1940,42700,737,441,813,2610,802,9110,15600,781,92,13800,514,928,981,1940,643,1130,2750,9510,9260,3410,7330,2090,1560,4500,15500,3080,58,10500,9840,3730,2200,48400,6130,12900,41,14100,23800,1800,5770,1760,5770,895,7140,1020,3460,3490,8970,3950,544,6530,4930,2930,2130,2800,4550,8350,54,726,5140,2200,12100,3110,603,1670,10700,2935,23400,183445,13000,628,32400,6770,4489,15600,91,3580
12200,516,881,3070,34300,1170,19100,4000,522,1970,1910,1360,108,39,6920,17,82,5540,2560,1320,73,678,626,18700,21,2280,16600,45100,15100,4390,3855,637,9700,669,28,1480,34,24500,5780,7920,75,971,53,2490,53900,5,745,55,5970,8590,2430,4220,25,3550,900,24,2770,5230,8160,883,27100,19500,9970,6010,9110,13500,7230,1100,29700,6620,1870,2890,1860,23,101,1750,59,1170,16400,37,281,71,908,88,5550,7420,589,74,10200,60,919,515,589,567,982,1670,6770,2920,1590,6020,1370,1170,1720,9060,1040,22,5470,4620,2430,1840,30700,2220,6140,36,5420,14400,820,2790,1090,2310,97,4920,631,800,2140,6810,3460,38,6190,3640,1610,1840,1990,5040,3230,26,670,3200,964,5620,2670,58,1380,7280,1770,25350,76660,6760,69,14700,3160,3290,6840,651,1510
17600,650,678,2620,29400,728,17600,4760,891,1420,1510,1550,73,41,5210,21,517,4700,2100,654,71,41,40,17600,16,1960,13300,38900,10500,3350,1398,671,6150,925,22,2020,32,7400,6330,7800,69,1110,736,1840,51300,12,81,73,5140,10900,1890,7610,39,3480,1520,34,1300,4760,6240,807,25000,16100,8730,7060,10100,15200,7810,1190,18300,6540,1470,2930,1540,20,103,1760,48,83,9650,39,53,79,558,68,3440,3430,59,52,10200,62,764,514,704,669,868,2090,7390,2340,1060,4080,1480,1460,1120,28800,1250,35,6140,2990,3130,2040,19800,2200,4990,36,4600,11000,614,2750,897,4170,80,4680,860,764,2180,6440,3610,756,7950,2330,2220,2330,2480,5280,3140,26,1510,3300,571,4360,3370,63,1380,5800,1650,31665,75637,6230,67,10600,3120,3174,6270,60,1250
13200,1080,642,2710,38400,962,20200,4190,925,1290,1810,1620,84,29,8010,19,751,5360,2490,860,72,43,39,21100,18,1770,18300,40200,13100,5680,1099,938,8920,1200,24,2230,31,8970,3860,9270,72,1530,800,1450,46000,8,700,54,4510,13400,1960,12900,27,4540,1940,29,1130,5840,7290,876,23500,17000,7600,5360,8170,11400,7310,3010,16900,6150,1910,2220,1430,24,92,1420,49,85,9310,38,69,623,673,68,4150,3290,46,65,12100,541,575,548,824,539,697,2680,8020,2110,683,5180,1510,1350,778,10100,2760,18,7300,4010,3720,1730,16300,2680,4640,32,4370,12200,667,3880,1630,2940,73,5650,644,941,1790,6940,3620,979,8100,3120,2420,2540,2850,5110,3790,26,1190,2870,536,2720,4220,58,1240,6240,1520,30525,58610,9740,599,14800,3540,2068,4970,699,1530
11900,88,67,2890,46100,1010,19800,4890,784,1450,1330,1670,86,22,9880,18,77,6360,3870,89,74,33,46,16300,15,2130,20400,39300,17400,8280,742,1040,9680,833,21,1450,31,10500,3450,7210,78,710,1460,1320,47900,7,72,55,4230,12100,2120,9770,18,4450,2370,28,805,3400,6340,1250,24400,15500,5880,4860,9510,9530,8940,1170,17900,5140,1440,3810,964,23,86,1250,31,75,5500,35,67,83,75,542,4200,2850,39,52,10700,57,567,54,658,68,634,2090,7020,2500,644,4550,1620,4920,792,7800,1530,23,14800,6270,3870,1630,18300,2340,3030,20,3930,10500,526,1990,890,3810,70,4260,72,816,4580,7630,4200,1550,7710,2330,3470,3140,1880,3460,3270,22,699,3230,103,1400,3140,1060,1770,5620,1261,31905,57712,18800,74,23300,2980,2007,2280,49,1270
8390,87,1420,3410,32100,779,20200,4290,537,1550,1220,2110,67,22,5150,20,816,5050,2180,549,99,24,594,16500,16,2560,15700,39100,14800,4450,846,952,7820,910,24,1500,952,6740,4390,6830,72,899,1250,1880,38600,6,531,61,5570,11100,2310,5020,20,4150,1340,17,1680,3890,8300,865,23900,12100,7060,5420,8810,11800,10300,1460,17300,6510,1490,3400,1360,19,85,1310,36,73,13200,613,67,75,693,72,3270,3320,39,43,10300,578,38,506,543,679,811,2260,8740,2250,1020,6380,1490,1870,889,6750,1990,26,5910,2500,3370,1650,15900,4250,3880,25,3790,11400,566,2140,962,2550,64,4200,618,1010,4130,7590,4750,597,8470,2260,1740,1610,2360,5810,3870,19,605,2310,109,2550,3610,48,1440,6950,1054,32110,71270,7650,71,13600,2940,2307,1770,50,1990
10300,685,1530,4330,37200,1030,21700,4400,1140,2360,1670,1460,97,34,5880,18,585,4750,3730,1320,82,46,40,16800,15,2830,17500,37400,11100,3620,798,755,8150,918,16,1530,32,6580,4240,6870,60,985,863,2510,46000,12,1040,60,8890,12600,2630,10500,33,3740,1730,52,1130,3240,6650,891,24700,14400,9380,6140,10300,18800,11100,1810,16100,6140,1580,3460,1010,20,92,1290,37,69,10500,807,61,996,727,71,3720,3930,44,59,11100,52,616,845,570,1870,1660,2190,9640,2310,3450,4350,1210,1260,1360,9470,1870,21,6090,2720,3690,2860,16300,3960,3650,32,5800,14100,757,2540,1220,4140,506,5960,1050,1690,2660,8320,3870,675,6950,2260,1900,1780,3170,4080,3430,27,1050,2470,669,1960,4340,64,1190,7780,1368,31190,68667,6410,65,13500,2800,3322,3860,644,1580
9120,866,1240,3670,39300,1630,24300,3870,1410,1390,1320,2260,78,47,6390,19,742,5030,2490,798,85,29,628,17900,16,2450,19600,39300,14700,5050,1108,640,11300,1050,19,1420,31,7920,4850,7890,58,1560,566,1580,53000,13,1460,40,6710,11700,2140,10300,18,4670,1900,32,1090,4320,7670,776,26300,17200,10300,6010,8800,14600,10300,1340,16600,5820,1850,3550,1160,33,693,1200,35,2010,9980,575,70,69,71,77,4740,4720,49,48,11300,68,719,604,1190,613,844,1790,10700,3270,2340,3840,1370,1090,1140,7820,2470,38,8680,3480,3360,2210,17700,4580,4150,26,4610,11800,551,2810,915,2940,746,4770,1920,1010,3630,7740,3850,534,7890,2270,1580,2130,2130,4560,2970,41,708,4990,813,2920,4350,56,1600,7680,1454,30750,55165,8380,510,15600,3550,2571,4190,683,1560
8660,100,961,3630,33400,941,21900,4860,630,1650,1160,2090,1080,31,6980,21,731,5430,1470,693,644,36,48,17200,17,1820,17200,41800,15500,4210,1173,591,6940,881,188,1290,36,8660,5910,7470,64,1610,691,1730,49700,9,1030,52,5740,13000,1820,12600,21,3680,1370,33,866,3210,6840,887,25800,21400,16000,5720,8700,12500,15300,1040,15700,8010,1940,2560,2800,29,2330,1940,41,1040,5470,28,300,68,580,74,6670,4680,54,66,9230,67,1290,514,2930,81,820,2180,8050,3570,1630,3950,1220,1350,2480,9240,1520,24,6720,3520,3910,2050,21600,3600,6290,290,3330,12700,688,4060,897,2410,93,6090,85,611,1850,8100,3470,550,8970,1960,1750,2440,2490,5220,2830,35,967,6310,849,1940,5510,49,1150,6630,5305,30090,52487,9020,68,14700,6290,1566,2940,537,1620
8980,67,691,2870,29900,904,17200,4270,613,1370,944,1750,92,15,4650,21,89,4550,1740,576,97,40,41,15900,16,1420,15700,35500,10300,3380,1213,746,7300,1260,216,1500,37,6740,3950,6610,63,573,502,1840,40900,5,942,55,4930,10700,1530,4500,19,2720,1310,36,755,2520,6110,807,23900,14600,13700,7040,5840,9920,8470,978,15000,6330,1680,1830,1620,33,618,1210,27,531,3450,34,80,86,550,65,2810,4030,50,53,8040,63,717,77,1450,71,545,2050,6520,2200,1170,4540,3620,1160,1400,8300,1240,23,5340,2920,3660,1720,13700,2660,4550,326,3100,13400,757,2020,1110,1490,61,3880,82,956,1880,5870,4260,596,6410,1720,1880,2310,2290,5420,2430,16,681,4160,99,1670,3380,39,994,5910,1480,22470,46742,7170,60,12400,2870,1438,2240,58,1330
28000,1330,2220,8840,67600,5190,47800,12900,2400,6140,2860,4650,1000,549,13400,139,1480,13800,7970,2770,1050,1030,1470,46500,159,4840,35600,123000,40200,8970,4055,2150,23000,2670,329,3480,911,20300,14700,21800,726,2760,1590,5060,116000,47,3490,788,15800,28900,7920,19200,250,9210,4520,177,4040,11600,18900,2660,105000,33900,43000,18100,17500,37600,21000,3900,43300,18300,7500,8390,4550,609,3550,4020,185,1830,9300,1200,1133,1150,2460,1070,11700,17200,1080,1080,29100,1040,2040,1750,3120,2140,2960,6580,18400,6450,3130,12400,4590,4370,4230,124000,3420,721,12100,8330,9380,5830,60400,8670,12200,527,12100,53600,2320,7030,4870,6770,1080,16600,2150,2670,4930,18700,8740,1660,18300,9460,5210,5890,7180,13700,12100,504,3300,11300,1820,4780,9730,1100,4580,12400,4605,53990,132900,16300,1510,42800,8920,5577,5810,3580,5900
60900,4140,6250,18300,142000,10200,114000,35900,6990,15500,8300,15100,3210,1260,30700,1400,3830,40700,18400,8840,2580,4580,4090,102000,1730,27300,81700,164000,95000,21300,6860,9270,45100,11200,1276,14100,4860,40800,23400,38400,2000,7390,5510,14800,229000,379,3450,2220,63100,80900,16200,33600,3170,22000,10600,3010,11200,18900,45500,8740,130000,81900,74600,40900,65900,69700,67600,14000,90400,73400,14600,18800,12100,3060,5520,22700,837,4760,15400,4450,2800,4590,5660,6960,44600,64400,4250,2730,73300,3210,7710,4460,8970,5970,8260,18100,63500,13700,8960,31800,4140,14200,12000,177000,11000,2620,23000,28900,21400,17300,103000,20700,32500,2155,29900,90200,6440,16800,11200,16100,3830,47600,6380,6080,10300,62400,41400,5350,76100,17100,14000,21500,20300,22000,40100,2230,10300,28900,4610,9040,36000,3160,11300,32400,11155,92900,218075,34900,4800,87800,33200,13773,9920,4790,13900
40400,2650,4550,10000,75600,4410,66600,17600,3910,8190,3830,9420,1970,1060,16000,1040,2180,30000,9100,4830,1290,3310,2080,72100,1290,21800,44800,86100,48600,10400,3155,4210,43700,5560,823,7300,3820,20000,15700,19800,961,4050,3690,9210,101000,343,1730,1510,55100,56400,9000,19600,2710,11100,7920,3660,6560,10200,40100,5500,65600,47600,56400,37900,53300,44100,47500,8030,67200,62600,6410,11800,8230,1700,3610,17400,480,2710,11200,2350,1594,2530,3060,5270,34600,30000,2460,1590,59200,2250,5040,2440,6800,3170,5410,14700,39200,7250,4700,23200,22000,10500,8280,36700,8180,1780,9740,18900,16600,10600,54200,11900,16700,1380,17100,54800,3550,12700,7070,7030,2420,31800,2940,3310,6960,44900,38600,4790,37600,9490,11600,14300,12900,26400,28100,1100,6380,19400,2390,4690,29200,1600,7180,18200,7695,54650,100475,16300,2520,38600,26500,8050,6870,3120,6460