Country	2007-01-01	2007-02-01	2007-03-01	2007-04-01	2007-05-01	2007-06-01	2007-07-01	2007-08-01	2007-09-01	2007-10-01	2007-11-01	2007-12-01	2008-01-01	2008-02-01	2008-03-01	2008-04-01	2008-05-01	2008-06-01	2008-07-01	2008-08-01	2008-09-01	2008-10-01	2008-11-01	2008-12-01	2009-01-01	2009-02-01	2009-03-01	2009-04-01	2009-05-01	2009-06-01	2009-07-01	2009-08-01	2009-09-01	2009-10-01	2009-11-01	2009-12-01	2010-01-01	2010-02-01	2010-03-01	2010-04-01	2010-05-01	2010-06-01	2010-07-01	2010-08-01	2010-09-01	2010-10-01	2010-11-01	2010-12-01	2011-01-01	2011-02-01	2011-03-01	2011-04-01	2011-05-01	2011-06-01	2011-07-01	2011-08-01	2011-09-01	2011-10-01	2011-11-01	2011-12-01	2012-02-01	2012-03-01	2012-04-01
Afghanistan	16	13	11	13	14	16	12	11	15	16	18	16	14	14	17	14	19	17	15	15	14	16	13	15	13	11	11	14	14	19	13	13	8	9	8	7	10	13	18	15	23	22	16	17	17	15	17	16	18	27	21	19	11	15	18	24	23	25	27	19	21	29	19
Albania	135	130	127	123	113	94	130	129	129	130	123	118	135	104	95	95	123	124	132	135	122	112	135	136	130	123	117	101	120	106	120	135	120	116	123	130	127	117	128	136	121	126	136	132	113	112	125	114	109	118	112	124	117	101	118	127	120	110	129	131	128	130	133
Algeria	110	107	113	93	104	108	100	116	103	124	110	94	109	121	111	119	124	106	106	111	112	114	105	88	109	116	123	120	122	117	111	104	126	126	98	96	88	115	120	114	98	42	105	104	111	106	114	113	77	62	98	109	113	120	132	91	91	99	106	109	115	113	113
Angola	89	91	89	100	93	91	84	83	89	84	80	79	65	78	85	89	93	79	76	64	61	74	75	80	82	69	43	71	69	68	52	49	57	55	53	44	15	56	58	58	57	66	58	47	55	60	60	63	60	60	62	63	66	68	66	56	46	58	57	56	59	66	61
Argentina	13	15	14	12	15	13	9	10	12	10	11	11	11	10	11	9	8	7	8	8	5	6	6	8	9	7	6	7	7	6	6	5	5	5	6	6	7	7	6	5	5	3	3	4	4	4	4	4	4	4	6	4	5	4	3	5	4	3	4	4	6	5	6
Armenia	93	96	93	99	95	98	102	118	100	89	97	107	113	89	90	109	103	107	108	96	86	98	96	104	110	101	101	80	93	112	93	105	99	71	100	104	111	101	85	92	103	108	104	97	94	102	111	112	121	114	111	98	111	103	99	110	107	85	107	103	79	96	78
Australia	7	9	7	6	8	8	6	8	6	7	7	7	6	6	8	8	7	8	7	7	9	8	7	7	7	6	7	9	9	8	8	7	7	7	7	8	8	9	8	8	9	8	10	8	8	9	9	8	6	9	15	11	12	8	9	7	7	7	7	7	10	7	10
Austria	59	51	58	65	50	54	43	64	47	50	46	46	55	45	44	49	38	18	42	55	46	43	53	50	44	44	38	52	42	49	47	50	44	48	48	53	53	40	46	44	42	50	43	56	50	52	53	53	52	49	49	54	44	51	42	46	43	55	50	43	42	41	45
Azerbaijan	91	86	91	76	73	61	77	78	78	69	86	86	89	84	88	87	90	94	93	76	85	102	97	98	102	105	108	90	94	100	97	108	108	101	102	101	114	104	100	103	113	119	106	102	100	120	109	110	133	139	129	123	103	106	106	122	102	94	119	112	113	108	108
Bangladesh	77	84	52	41	62	73	67	47	71	87	48	64	64	65	66	68	60	75	77	89	75	81	69	54	78	64	76	81	75	76	70	83	90	91	77	73	71	75	71	91	76	73	80	83	91	96	79	70	82	61	65	78	91	95	87	85	75	95	86	88	72	73	66
Belarus	71	98	103	105	96	103	105	93	99	101	107	105	125	107	98	105	91	101	92	75	90	78	100	106	93	96	96	93	90	88	102	97	94	86	105	102	104	88	97	90	92	87	101	92	79	91	98	74	100	99	99	79	86	81	90	96	87	98	99	101	106	104	104
Belgium	74	65	78	66	78	75	70	80	75	79	85	80	83	75	82	85	80	74	81	68	64	70	87	79	84	87	83	85	78	81	84	81	72	88	79	92	92	85	83	73	81	86	78	81	72	81	80	78	87	100	109	94	83	86	80	75	93	75	75	73	85	75	89
Benin	142	140	146	144	148	146	148	151	148	139	149	148	102	110	144	148	146	140	139	148	143	141	145	147	145	143	139	141	140	131	141	143	136	137	137	134	102	130	129	137	135	133	138	137	138	139	136	109	125	127	121	127	128	130	120	135	128	131	101	124	140	137	139
Bhutan	150	154	152	148	153	153	154	152	153	154	153	151	150	150	141	152	153	150	145	152	153	152	144	154	154	154	154	153	154	153	150	150	152	154	151	152	145	152	154	121	147	152	151	152	154	149	148	151	146	143	146	142	142	147	148	148	145	141	148	154	146	153	148
Bolivia	41	44	43	51	52	40	44	44	55	39	40	31	51	52	41	37	31	33	38	32	20	33	39	37	33	36	32	28	37	33	37	29	32	33	36	32	40	41	36	28	35	44	31	32	31	24	30	24	31	30	26	31	41	30	22	40	40	37	32	38	41	48	39
Bosnia and Herzegovina	154	150	153	153	152	148	152	153	152	150	146	149	149	151	148	146	151	153	152	153	151	150	152	153	150	151	153	154	147	154	154	153	144	143	144	151	150	151	136	152	150	148	153	153	153	152	154	154	154	153	148	154	152	152	152	149	152	151	152	150	154	151	154
Botswana	134	142	136	143	128	126	131	128	134	135	132	134	130	139	126	126	130	111	110	123	129	139	116	100	118	134	121	133	126	135	133	137	137	124	136	141	138	133	130	138	134	122	132	136	129	118	122	132	134	128	130	131	121	112	123	108	125	116	114	125	126	134	115
Brazil	47	42	40	48	35	36	26	37	35	38	41	41	47	46	42	38	43	42	32	30	43	39	35	47	46	43	44	47	46	27	39	43	41	37	38	33	48	45	41	42	36	26	30	38	48	45	44	50	45	53	51	45	46	41	34	41	42	41	47	39	39	37	38
Bulgaria	69	87	83	83	76	68	59	85	87	75	77	82	78	72	80	80	87	81	72	72	77	67	76	85	48	66	68	70	68	67	57	71	51	62	74	81	75	70	68	62	63	67	62	58	46	57	63	64	69	66	60	69	74	72	53	73	55	70	92	74	64	65	68
Burkina Faso	122	118	106	126	127	118	121	134	115	106	129	127	117	114	119	103	117	110	102	131	108	97	101	111	113	95	92	91	98	99	100	107	92	89	81	86	52	92	89	79	83	92	81	86	86	95	94	85	98	96	90	95	116	108	117	120	96	113	115	114	107	102	101
Burundi	132	122	129	138	137	123	137	142	135	129	131	122	118	135	137	133	134	131	141	145	118	131	118	129	126	133	132	132	134	133	139	134	132	130	135	132	135	131	134	129	125	123	93	130	120	121	135	125	139	130	123	134	130	132	127	126	130	130	118	123	137	145	141
Cambodia	104	128	110	113	120	119	111	98	123	108	99	115	134	129	127	122	120	138	94	119	131	110	131	133	134	115	140	117	133	126	138	136	133	119	112	115	136	140	141	143	140	146	123	140	139	127	116	135	97	108	143	113	141	141	142	146	141	149	144	142	139	126	127
Cameroon	126	121	128	133	98	128	136	136	140	138	138	133	99	81	112	110	119	113	116	107	136	123	114	140	127	130	106	131	130	116	110	117	124	128	118	112	107	121	118	120	106	65	110	138	125	122	113	120	126	122	81	119	143	142	139	117	143	122	142	141	127	132	130
Canada	8	8	8	7	6	6	7	6	8	8	6	6	7	7	6	5	5	5	6	9	6	7	8	9	10	9	8	8	6	9	10	8	10	10	10	9	9	5	9	10	11	14	15	11	9	12	10	12	14	12	12	12	10	7	14	9	10	9	10	8	11	9	8
Central African Republic	139	135	138	132	138	139	144	147	138	142	141	145	144	141	143	142	150	146	147	149	150	149	140	143	146	149	150	148	152	148	148	147	151	149	149	153	147	145	148	153	148	149	148	148	152	151	152	153	147	154	154	153	154	154	154	154	154	154	154	152	153	150	153
Chad	50	45	59	46	45	44	54	43	39	44	42	44	61	42	53	41	54	60	50	53	41	46	50	53	75	68	72	54	53	65	66	55	55	51	59	57	73	63	65	65	68	83	74	70	62	63	68	82	94	86	95	74	78	83	73	62	67	72	83	86	83	52	77
Chile	22	27	28	24	28	20	19	24	23	23	16	23	24	26	23	22	20	24	24	28	17	17	22	21	18	21	14	16	15	14	18	14	15	12	12	13	12	8	7	11	12	9	8	13	11	6	11	11	10	10	11	13	15	9	8	11	9	8	11	9	17	16	17
China	3	3	2	2	2	2	2	2	2	2	2	2	2	2	2	2	2	3	2	2	2	2	2	4	5	3	2	2	2	3	2	2	2	3	2	2	3	4	3	2	3	4	4	2	3	2	2	3	3	3	5	3	3	3	4	2	3	4	3	3	3	4	2
Colombia	30	29	22	32	30	22	29	28	29	26	22	19	19	23	9	15	14	20	13	26	21	19	23	24	25	16	19	21	21	23	17	12	18	18	14	22	21	20	15	16	15	24	11	9	14	16	14	15	16	13	14	15	19	16	13	12	17	14	14	17	15	10	9
Costa Rica	80	63	73	73	71	62	69	65	90	60	79	85	85	73	76	67	68	72	67	85	69	58	56	74	56	59	50	42	36	35	19	35	40	32	40	49	51	47	51	46	40	49	41	43	47	40	33	40	43	36	32	52	57	39	28	44	59	40	52	52	57	60	58
Cote d'Ivoire	111	108	112	134	116	141	116	114	116	120	120	125	93	108	139	120	122	123	126	128	121	128	120	117	117	119	122	115	117	140	119	122	123	118	96	91	79	93	125	100	86	63	96	98	101	94	76	37	62	73	63	55	92	100	107	107	116	104	98	93	93	110	100
Croatia	114	104	97	104	107	99	108	102	96	97	59	100	103	93	91	93	100	56	88	87	87	92	103	103	91	94	103	99	102	101	96	95	76	102	109	116	105	107	104	112	105	110	108	109	118	113	130	121	114	120	114	117	114	105	98	102	118	121	121	107	117	98	118
Cuba	29	35	32	30	31	27	23	31	38	27	38	26	33	17	30	35	34	31	31	18	23	32	27	26	20	23	27	13	23	25	30	30	26	28	31	27	26	27	22	23	32	38	23	27	23	18	19	22	24	20	19	22	37	26	24	26	29	18	33	23	22	32	21
Czech Republic	79	77	86	85	70	50	72	86	84	73	90	74	86	90	89	83	82	59	79	61	93	95	82	87	74	77	78	77	89	93	86	94	71	79	101	103	115	80	99	105	99	107	112	108	103	100	119	118	118	119	122	115	101	97	102	103	111	107	110	91	109	88	109
Democratic Republic of the Congo	143	146	141	149	143	143	145	145	118	121	148	147	121	145	150	147	149	148	150	151	142	130	109	119	120	148	149	147	151	152	146	125	150	150	147	149	148	148	145	150	151	150	147	127	145	145	149	149	138	151	151	147	151	150	150	147	153	152	128	121	149	152	151
Denmark	87	76	84	89	87	85	75	79	73	78	88	91	92	88	78	92	84	80	85	82	84	79	79	86	90	91	85	82	79	85	90	88	67	72	69	47	96	91	78	77	77	58	100	87	85	86	93	91	90	90	93	91	77	74	86	86	92	93	96	81	100	79	94
Dominican Republic	116	111	117	109	118	117	106	101	127	109	106	116	131	119	109	121	125	130	115	94	103	137	134	127	138	97	98	129	138	136	132	116	139	141	146	138	65	94	123	139	138	140	128	141	137	143	124	140	145	145	152	146	149	145	144	101	148	148	145	144	141	120	138
Ecuador	23	34	34	34	38	32	36	36	45	35	37	32	41	35	14	28	27	32	30	35	29	27	30	32	32	29	29	29	32	28	26	22	24	22	28	29	31	32	27	26	27	35	29	21	18	14	16	18	22	21	2	9	28	25	20	33	34	29	26	26	25	36	26
Egypt	45	46	50	42	42	43	47	60	70	64	58	55	37	48	52	44	50	54	58	80	76	80	63	45	29	46	58	62	55	48	54	72	79	69	65	69	59	64	60	66	70	69	72	71	66	70	73	66	20	7	37	42	33	55	58	45	47	43	42	47	38	53	42
El Salvador	61	48	47	43	49	48	55	48	53	47	50	54	54	49	40	42	42	44	44	44	37	29	36	33	34	31	26	33	25	29	28	34	29	29	30	37	25	26	30	25	25	33	28	24	22	23	24	25	21	22	22	27	26	24	32	31	32	30	31	27	23	39	23
Eritrea	121	141	111	130	140	136	138	143	144	136	140	131	143	138	134	143	138	134	142	143	139	146	146	141	140	146	138	136	123	143	147	139	140	138	143	139	139	143	142	144	141	141	143	147	143	144	143	139	142	138	137	132	131	133	122	132	137	137	138	134	143	149	147
Estonia	117	117	105	98	68	92	104	105	108	92	112	104	122	116	110	118	110	103	123	93	107	96	110	105	111	107	112	111	101	108	113	93	97	117	122	127	122	109	113	87	108	111	113	112	76	99	115	99	108	103	82	103	99	87	108	104	110	89	89	115	108	107	110
Ethiopia	65	101	88	88	103	104	107	104	106	105	105	106	108	106	118	113	109	117	109	101	119	135	117	112	107	112	134	118	118	119	126	110	122	122	128	121	120	120	122	134	127	134	126	139	134	138	128	133	127	126	132	141	110	110	85	95	113	126	116	119	124	118	126
Finland	83	79	85	86	81	88	92	75	82	74	70	76	76	87	87	88	85	90	89	91	82	85	85	84	89	84	88	88	92	91	91	79	86	84	86	89	95	58	75	81	88	102	99	94	84	88	95	92	95	87	73	70	80	91	91	78	73	88	85	71	80	76	86
France	5	5	5	5	5	4	4	4	4	4	4	4	4	3	4	4	4	2	3	5	4	4	5	5	4	4	4	4	3	2	3	4	3	2	3	3	4	2	2	3	2	2	2	3	2	3	3	2	2	2	3	2	2	2	2	3	2	2	2	2	4	1	4
French Guiana	155	155	155	155	155	155	155	155	155	155	155	155	155	155	154	155	155	155	155	155	155	155	155	155	155	155	155	155	155	155	155	155	155	155	155	155	155	155	155	155	155	155	155	155	155	155	155	155	155	155	155	155	155	155	155	155	155	155	155	155	155	155	155
Gabon	148	145	145	150	144	147	141	146	141	146	144	142	142	136	133	139	133	133	134	140	120	126	136	138	114	129	128	137	128	87	112	100	89	110	111	119	91	103	110	116	116	116	114	110	112	114	108	117	111	104	92	112	125	113	128	123	106	91	104	102	99	135	129
Gambia	144	148	149	151	147	144	125	149	147	149	152	150	147	148	145	153	142	143	148	142	146	144	150	149	147	150	144	150	150	144	151	149	148	146	145	145	149	146	147	148	120	137	149	149	146	146	150	144	143	140	141	140	129	138	135	137	136	143	140	138	142	147	142
Georgia	18	17	17	18	18	29	32	21	21	19	19	21	20	19	20	18	23	30	28	4	8	13	14	19	27	25	28	25	31	39	34	28	25	31	34	25	39	33	31	36	51	62	48	42	39	50	50	47	57	54	57	41	42	48	48	38	27	36	43	37	37	27	37
Germany	14	14	16	16	11	12	13	14	14	13	17	17	18	16	19	16	15	13	16	14	19	12	18	20	21	20	20	19	18	21	21	19	19	24	19	23	22	19	17	20	17	19	17	23	24	25	25	26	23	29	35	25	17	14	17	18	16	17	17	16	20	17	22
Ghana	82	81	70	90	88	72	73	82	65	76	83	68	31	40	79	78	83	85	74	83	83	84	86	65	69	85	89	89	88	83	51	80	64	53	72	58	29	71	74	84	59	18	27	68	69	80	87	73	83	88	67	72	79	78	74	67	71	77	82	80	65	71	80
Greece	90	92	81	81	82	80	88	69	80	94	92	90	87	76	68	64	77	57	71	59	96	91	95	73	77	86	87	86	80	78	85	84	87	82	84	56	60	22	23	21	21	39	55	63	58	62	49	55	59	67	72	53	27	17	23	42	21	23	19	42	26	43	52
Greenland	145	143	142	145	145	138	140	139	146	148	151	143	148	149	147	150	143	149	146	144	152	153	149	146	149	147	152	146	146	151	153	152	146	153	152	142	146	149	152	151	154	153	154	144	151	153	153	145	152	152	153	149	145	148	153	150	146	153	153	151	150	138	149
Guatemala	88	59	37	72	80	69	58	66	69	66	69	84	70	68	64	77	72	69	69	70	56	52	73	76	72	72	67	61	45	53	53	73	63	66	60	77	68	57	54	56	47	53	54	49	42	47	56	48	55	51	47	57	53	47	46	49	54	47	56	59	56	56	55
Guinea	96	83	100	97	101	101	96	96	95	100	95	96	80	91	100	100	94	95	97	99	102	94	81	71	94	98	90	97	99	96	89	92	88	83	88	94	101	105	98	97	107	106	94	101	97	84	84	94	104	98	107	107	85	79	69	93	85	82	93	90	90	93	91
Guinea-Bissau	153	153	154	154	154	154	153	154	154	153	154	154	154	154	155	154	154	154	154	154	154	154	154	151	152	153	115	151	153	150	149	154	153	151	153	154	152	153	153	149	153	154	152	154	148	154	151	152	151	148	147	150	148	146	145	153	139	147	147	145	152	141	131
Haiti	109	114	99	108	114	115	117	95	119	102	103	108	126	124	114	70	92	116	118	71	49	120	94	120	121	120	130	108	109	123	105	126	118	114	130	128	2	15	39	57	72	88	71	53	74	59	42	58	50	77	56	67	94	99	104	82	103	105	111	106	94	89	92
Honduras	101	90	90	91	90	79	91	71	60	77	91	93	96	94	75	90	75	82	82	54	51	51	51	63	58	49	52	50	47	15	7	21	17	20	22	24	43	48	45	47	34	20	37	40	36	41	51	43	47	34	34	48	45	38	59	51	64	52	63	61	50	63	54
Hong Kong	34	30	29	33	32	33	34	23	27	30	24	25	25	31	26	29	30	36	26	25	24	20	25	27	36	35	30	30	22	34	35	31	36	35	33	36	32	36	28	33	33	41	32	26	27	27	28	32	33	40	31	26	35	34	35	25	33	35	34	31	27	31	31
Hungary	97	89	101	96	100	100	93	90	93	99	94	98	107	102	104	104	108	104	99	74	109	82	90	101	87	92	86	95	95	98	81	89	98	93	95	111	119	111	105	98	115	81	82	78	105	87	118	119	115	123	116	108	106	107	95	106	112	114	109	104	111	103	107
India	6	6	6	8	7	7	8	7	7	6	5	5	5	5	5	6	6	6	5	10	7	5	4	3	6	5	5	6	5	7	5	6	6	6	5	5	6	6	5	6	7	13	7	5	5	5	5	5	7	5	10	7	7	6	6	6	6	6	6	5	5	6	5
Indonesia	24	25	24	26	27	30	21	22	24	34	28	18	21	21	25	20	21	28	22	23	25	15	11	13	16	12	15	12	11	10	9	9	12	8	9	10	11	12	10	7	10	17	12	7	7	7	7	6	8	6	8	10	13	10	15	15	13	11	9	11	18	15	12
Iran	9	7	9	9	12	14	15	15	11	12	13	13	13	20	16	17	13	15	12	19	22	24	24	23	19	18	18	20	20	5	12	18	13	15	17	12	19	14	19	17	19	23	26	20	20	22	20	21	17	17	20	21	23	31	37	29	26	21	12	12	13	19	16
Iraq	2	2	4	4	4	5	5	5	5	5	8	8	8	8	7	7	9	11	10	12	12	10	10	12	15	19	24	23	24	24	27	26	28	27	24	19	24	34	25	35	37	43	39	25	26	31	34	35	32	44	36	40	30	42	43	39	36	38	44	25	32	35	33
Ireland	32	26	20	22	25	31	33	25	25	29	32	33	30	28	28	34	33	29	27	31	30	28	28	31	30	28	23	35	33	31	32	27	31	30	27	38	30	24	24	24	26	37	33	30	25	35	15	28	35	41	39	23	21	27	26	21	22	26	25	34	33	24	32
Israel	11	12	12	15	13	11	14	16	13	15	14	15	9	12	12	12	10	12	11	20	18	22	16	6	2	8	10	11	10	12	16	15	14	16	15	17	17	18	11	19	13	11	20	14	13	17	21	17	15	14	16	18	14	20	25	16	8	15	20	18	16	22	18
Italy	27	20	25	28	22	21	27	26	22	25	27	28	29	27	29	30	29	22	29	29	32	30	32	36	35	27	33	32	29	26	24	38	33	39	37	34	41	28	33	38	29	29	35	39	38	42	41	45	37	33	43	30	25	32	27	19	18	22	15	20	24	23	30
Jamaica	84	88	44	61	86	82	79	38	74	90	87	89	94	92	86	81	86	83	83	36	58	88	83	90	92	76	93	73	91	90	72	52	93	94	90	88	85	83	94	93	67	96	79	76	75	82	83	100	103	85	94	99	97	62	96	89	83	97	103	99	96	80	93
Japan	10	10	10	10	9	9	10	9	9	9	9	10	10	9	10	10	11	10	9	11	11	9	9	10	11	10	9	10	12	11	11	11	11	11	11	11	13	11	13	14	14	15	18	15	12	10	12	14	13	18	4	6	9	11	12	8	12	12	13	10	12	12	15
Jordan	21	22	23	23	21	25	30	32	28	33	29	29	27	30	27	26	28	34	36	40	35	35	29	30	31	30	34	36	30	38	44	39	37	34	29	30	34	35	32	37	46	54	51	45	40	39	40	44	40	28	48	36	31	37	40	34	37	39	30	30	31	20	28
Kazakhstan	92	97	92	84	84	90	83	73	91	70	89	87	104	103	102	84	96	96	101	84	94	71	102	97	103	100	97	94	86	75	88	96	84	81	93	85	94	95	96	72	94	89	83	85	73	73	75	83	102	102	105	80	89	80	88	87	90	83	79	77	66	77	65
Kenya	49	67	57	69	60	76	87	70	76	80	74	53	22	39	58	57	79	71	73	63	74	56	44	62	63	67	79	55	76	73	67	58	70	70	66	79	81	76	69	74	78	90	73	69	78	64	65	69	72	64	71	65	64	75	54	57	60	61	68	72	62	64	63
Kuwait	62	78	71	71	75	84	85	77	85	86	82	71	52	86	81	79	81	87	80	98	88	90	84	70	59	88	82	98	87	95	94	86	102	97	87	87	99	99	95	96	96	97	97	74	96	98	97	87	76	79	75	81	84	92	100	92	108	102	67	79	89	85	87
Kyrgyzstan	149	151	143	142	150	151	151	109	149	144	147	144	151	152	151	151	152	151	153	122	148	148	153	150	148	93	145	143	145	122	117	145	154	148	154	147	153	154	150	75	126	77	127	146	147	148	141	141	150	146	150	151	153	151	147	151	151	146	149	147	145	140	146
Laos	123	137	131	127	132	130	119	117	114	123	114	119	141	133	124	128	116	132	129	133	132	132	128	114	133	121	135	123	108	124	116	120	111	98	119	84	124	125	126	119	131	132	130	128	119	116	102	90	116	125	113	128	123	128	119	128	129	119	73	111	98	117	124
Lebanon	28	36	41	38	29	35	40	46	48	55	47	59	48	53	47	56	36	55	48	62	53	65	66	56	40	65	74	69	65	63	74	66	74	76	82	75	76	79	90	82	75	78	76	61	83	78	82	81	79	92	85	85	81	93	94	94	97	100	78	94	95	55	95
Lesotho	152	149	151	152	149	142	150	148	150	152	145	153	152	147	153	141	147	141	143	147	141	143	148	152	153	152	151	152	144	147	152	151	149	152	148	148	154	150	151	154	152	145	141	151	144	147	146	146	153	142	142	138	140	139	143	143	144	145	143	148	151	154	152
Liberia	108	94	119	116	123	106	118	124	124	115	124	135	119	100	115	124	121	119	121	138	116	133	123	121	122	127	127	122	121	129	106	101	131	131	129	131	129	129	131	127	128	125	116	96	121	124	121	95	112	111	102	96	124	129	124	130	132	80	102	118	120	123	106
Libya	100	102	107	103	99	96	76	97	92	81	96	92	100	99	101	107	102	97	91	100	95	99	104	96	98	104	100	106	100	114	103	61	75	115	113	107	112	112	93	117	101	117	87	105	117	110	104	106	89	15	9	14	22	23	39	14	20	24	46	51	55	74	57
Lithuania	128	120	122	137	130	125	127	125	102	110	125	126	140	137	129	134	118	122	113	88	135	122	106	116	115	117	113	119	114	118	114	119	117	140	141	144	144	122	115	118	144	142	142	119	108	115	145	137	144	144	127	144	144	143	141	114	115	125	150	146	129	128	132
Macau	124	126	95	106	115	114	128	130	136	118	119	128	138	140	136	136	137	137	122	127	133	134	119	139	135	140	129	128	137	127	129	124	134	134	131	135	142	137	138	140	143	139	140	125	140	137	131	138	132	132	138	126	138	134	133	134	135	134	126	128	131	142	143
Macedonia	130	125	126	135	126	127	129	127	113	117	104	120	136	109	94	91	113	105	125	136	101	105	127	122	100	125	114	114	124	121	124	113	96	123	133	125	130	126	135	135	132	129	122	135	131	133	138	130	141	137	124	135	127	121	121	129	109	135	135	126	130	125	134
Madagascar	138	133	135	128	133	140	139	140	142	140	136	136	133	132	132	132	135	112	120	121	130	118	92	99	101	83	65	103	107	109	115	109	114	113	116	114	123	119	101	113	114	112	111	117	115	107	96	104	107	93	91	106	120	117	125	111	119	133	122	116	112	116	114
Malawi	119	134	132	117	135	134	135	133	143	141	133	141	128	131	128	123	99	127	135	132	138	113	125	124	141	138	84	83	113	97	134	140	127	106	117	120	72	123	137	130	112	118	124	129	128	131	133	126	140	135	125	130	132	135	114	131	131	132	133	132	136	109	122
Malaysia	54	53	54	50	47	49	39	40	46	43	43	42	42	47	33	40	44	45	37	41	42	45	45	41	39	39	40	31	38	36	36	32	43	42	42	39	46	46	38	32	39	52	44	28	35	29	37	20	41	46	45	44	54	52	50	60	56	45	36	58	49	33	36
Mali	75	75	79	78	77	70	81	84	79	71	73	78	53	70	71	76	70	78	75	78	71	49	60	58	66	51	60	63	63	59	61	64	60	56	56	51	36	50	47	49	55	59	52	55	43	54	54	51	48	47	24	28	55	60	67	59	51	46	51	46	34	25	24
Mauritania	131	131	144	139	142	150	146	150	139	151	137	130	116	142	142	127	140	139	136	102	137	147	147	137	112	141	141	142	142	139	140	148	143	147	127	90	125	118	119	142	136	143	125	118	135	142	126	143	128	121	126	121	137	140	140	141	142	139	139	140	134	129	136
Mauritius	146	147	148	140	139	145	147	144	145	145	139	139	146	146	152	140	145	144	140	139	144	142	141	144	142	137	148	145	141	141	143	141	141	145	138	140	140	138	139	133	137	135	139	142	136	140	142	142	131	141	139	133	139	136	137	140	138	140	137	139	135	143	140
Mexico	15	16	15	14	16	17	18	13	16	17	20	20	17	18	18	13	16	16	17	13	15	14	15	16	23	17	16	5	8	20	20	16	21	23	23	21	28	25	20	18	8	7	14	16	19	20	22	23	29	24	28	20	20	19	19	20	19	19	22	22	19	21	20
Mongolia	140	136	137	131	136	133	122	111	126	134	135	137	137	143	131	135	136	136	105	108	104	127	142	135	143	135	136	135	132	132	127	128	128	132	139	137	131	136	117	125	130	136	137	134	132	132	129	128	136	133	136	137	135	125	134	118	140	136	136	133	138	136	135
Morocco	112	112	115	95	102	105	109	112	105	107	102	110	97	113	108	112	114	125	117	120	125	138	115	128	129	109	126	121	116	128	130	121	130	127	110	113	133	116	114	123	118	121	135	133	133	135	123	134	124	106	119	105	108	123	113	142	124	117	95	108	119	106	120
Mozambique	120	105	124	124	119	131	126	121	131	133	122	114	124	120	116	111	97	114	130	130	123	115	121	115	131	131	125	125	127	120	135	131	115	100	99	126	97	124	121	124	122	104	119	121	109	125	117	123	110	136	118	125	122	124	136	124	114	124	125	129	122	127	125
Myanmar	94	123	121	129	111	120	114	100	34	42	71	95	105	101	105	101	18	88	96	104	99	100	98	95	105	90	119	109	77	92	83	75	110	105	97	93	116	113	112	110	119	113	118	116	114	93	62	93	113	107	103	120	112	109	110	121	126	101	65	84	104	100	81
Namibia	129	119	108	122	131	111	120	107	81	112	130	117	95	123	121	129	131	128	112	129	126	104	126	125	125	128	133	126	125	125	121	130	125	136	126	136	137	134	116	131	129	131	134	122	124	128	103	127	130	134	131	122	115	126	131	112	82	123	132	130	118	115	105
Nepal	95	99	98	92	97	112	101	87	101	103	108	81	81	98	72	66	78	93	87	92	97	101	108	102	97	118	107	107	82	111	98	102	106	111	104	99	103	110	106	95	90	120	107	100	106	105	90	97	119	115	115	102	104	115	112	109	88	111	113	117	105	105	103
Netherlands	70	54	51	59	59	53	64	63	63	58	63	65	68	60	56	69	74	48	66	51	66	68	78	78	81	71	59	66	73	64	71	68	73	75	76	70	78	67	62	68	71	55	36	73	71	68	78	79	85	81	89	87	75	69	75	70	78	84	74	67	70	67	69
New Zealand	35	24	27	20	24	19	31	19	20	20	26	27	26	25	24	24	25	27	23	21	27	23	19	17	28	24	25	26	28	30	29	25	30	26	25	31	37	31	29	34	30	31	34	29	28	28	27	41	38	32	42	34	29	29	33	22	24	20	29	28	29	26	27
Nicaragua	58	73	68	68	74	77	74	68	56	65	68	69	71	71	50	75	64	70	62	73	54	72	54	67	67	70	70	57	67	41	31	59	65	63	51	61	70	59	61	51	62	70	56	64	53	51	45	52	58	50	44	64	68	76	68	72	76	64	59	66	71	84	70
Niger	98	93	94	101	92	97	94	120	110	128	116	112	114	125	117	117	106	99	98	112	98	111	113	110	108	110	111	105	96	84	80	90	107	95	114	108	117	73	92	102	102	115	84	107	64	71	89	102	78	91	80	89	100	116	111	98	61	73	87	95	103	101	102
Nigeria	44	40	53	35	37	42	38	51	49	48	51	57	36	43	63	45	46	50	40	33	48	53	49	52	55	54	57	56	49	44	40	44	46	41	45	28	23	39	42	50	41	21	40	54	56	48	55	42	49	56	52	39	51	43	45	35	44	57	54	41	43	47	40
North Korea	43	32	42	47	57	46	46	52	41	49	61	56	77	66	73	58	73	68	60	69	57	61	72	75	79	55	63	46	44	47	49	51	62	73	70	71	82	81	72	61	52	48	68	65	68	76	46	56	65	95	101	93	88	90	82	88	100	96	97	50	87	131	72
Norway	81	69	72	77	83	78	86	76	68	67	76	70	72	79	83	86	76	84	84	65	89	77	89	82	83	80	80	84	81	94	87	87	82	85	89	78	93	54	76	78	95	98	91	91	89	97	91	86	99	101	110	97	90	94	41	79	98	106	94	96	91	78	85
Oman	113	103	104	94	91	87	89	115	122	116	100	101	110	112	99	102	112	108	119	124	114	107	99	93	99	114	109	113	111	110	123	115	116	109	106	109	108	102	111	106	111	114	117	113	107	109	99	105	92	65	69	86	98	111	105	105	95	103	70	87	92	86	96
Pakistan	25	19	18	21	20	23	17	17	18	18	10	9	12	15	21	23	26	25	20	16	16	21	17	11	22	14	12	18	13	18	22	20	23	13	20	14	16	21	21	22	22	34	24	10	16	19	23	19	25	26	25	24	6	21	29	32	25	32	21	21	2	3	3
Panama	64	66	62	57	56	51	57	56	61	59	62	47	66	61	70	73	71	77	56	67	65	69	70	69	76	73	73	68	59	74	60	63	69	74	64	67	74	69	66	59	65	71	64	59	67	66	69	67	81	69	84	101	95	66	84	76	81	71	91	92	101	92	98
Papua New Guinea	147	139	147	136	146	149	133	138	132	143	142	138	145	144	140	149	141	145	144	141	149	125	139	145	144	144	147	139	143	146	144	142	142	142	140	143	143	144	146	147	149	151	144	145	150	123	140	148	149	149	144	152	147	153	146	144	150	144	151	149	144	144	144
Paraguay	56	70	69	79	72	60	50	88	86	68	67	63	82	74	74	51	66	49	59	50	36	42	57	51	51	47	41	41	50	45	42	41	34	40	41	41	47	42	43	40	31	16	19	33	41	37	39	33	36	42	40	46	38	33	16	36	38	27	35	36	47	54	46
Peru	78	74	77	82	85	71	63	49	67	72	64	77	91	77	77	82	65	76	78	86	60	59	41	72	70	58	53	49	54	51	58	54	49	47	49	60	57	52	50	45	49	51	53	44	45	44	43	46	39	39	41	51	63	53	36	65	69	62	60	55	63	51	59
Philippines	52	57	56	60	58	66	56	45	57	57	52	52	60	62	60	54	62	58	52	60	62	63	59	57	61	61	64	58	58	60	55	56	58	50	50	46	67	65	64	64	66	80	67	50	61	61	64	61	70	71	76	71	61	57	52	58	57	63	55	49	54	59	60
Poland	60	58	63	56	51	38	51	57	58	46	57	61	69	69	69	60	67	53	64	42	63	76	55	55	71	63	66	65	71	71	75	70	50	67	78	82	90	78	77	55	85	76	77	88	81	90	92	89	91	97	97	82	76	84	81	83	66	76	76	75	75	68	83
Portugal	37	28	31	36	23	28	24	29	19	24	25	24	28	33	32	27	22	9	21	34	26	25	26	28	24	26	21	24	19	22	23	24	20	19	16	18	18	10	16	9	6	5	13	19	15	13	6	9	9	16	7	5	8	12	11	10	11	10	8	13	7	8	7
Puerto Rico	76	72	76	75	79	83	78	59	83	83	78	72	74	64	62	65	52	61	63	79	73	66	71	77	73	62	49	67	66	69	64	47	52	58	61	76	66	68	67	63	61	68	42	41	49	55	59	60	61	45	58	75	72	70	70	47	50	49	58	60	61	61	62
Qatar	68	64	64	62	65	74	60	89	77	85	72	73	56	57	65	74	55	67	68	95	80	60	58	68	43	57	46	51	74	56	73	77	80	68	57	80	58	55	56	54	60	79	69	77	65	49	47	27	28	43	30	38	43	46	64	52	58	54	39	40	45	45	43
Republic of the Congo	137	144	139	146	141	137	142	141	117	119	143	146	120	118	146	145	144	147	149	150	145	129	107	118	119	145	146	144	149	149	142	123	145	135	132	146	128	142	144	145	146	127	131	126	127	130	144	147	137	147	149	145	146	144	151	145	147	150	127	120	147	148	150
Romania	66	61	75	64	66	65	71	74	54	54	60	58	62	51	51	48	59	38	47	43	40	41	48	40	38	38	36	43	43	43	43	42	42	36	44	42	45	37	40	39	43	47	45	37	29	34	38	38	42	35	27	47	48	49	51	54	41	48	62	54	48	49	53
Russia	12	11	13	11	10	10	11	12	10	11	12	12	15	11	15	11	12	14	14	6	10	11	12	14	12	15	17	15	16	17	15	17	16	17	18	16	20	17	12	12	24	28	25	18	21	21	18	13	19	23	17	17	16	18	21	17	14	16	18	14	9	13	11
Rwanda	107	110	109	102	109	107	98	99	97	93	98	99	90	83	106	114	111	100	104	116	106	89	62	91	86	89	102	96	103	107	104	103	104	96	92	110	118	108	109	109	110	101	109	89	88	101	112	111	105	109	104	110	118	118	115	119	117	127	117	105	114	111	111
Saudi Arabia	40	38	46	45	46	64	42	54	44	62	35	49	50	67	57	59	53	47	70	90	79	64	52	59	62	79	75	75	70	61	78	78	77	78	73	64	64	66	73	89	84	93	86	62	93	72	67	80	66	55	59	66	65	54	77	74	72	68	53	68	68	70	64
Senegal	102	95	116	112	117	102	103	113	120	104	101	97	84	105	93	108	105	102	100	125	115	117	112	109	106	99	104	110	97	80	101	112	112	104	107	106	106	106	102	101	82	85	98	106	99	104	105	98	96	89	106	100	102	85	101	100	99	109	108	97	82	90	82
Serbia	72	68	80	80	63	55	68	72	66	82	66	60	49	24	49	61	57	62	45	39	59	73	77	83	65	75	55	74	57	66	69	76	56	57	75	72	86	84	70	80	58	32	47	66	44	33	66	65	68	80	61	73	50	63	55	63	48	66	72	82	69	72	74
Sierra Leone	118	116	125	119	105	95	123	108	111	132	127	140	111	127	130	130	128	126	131	146	127	136	138	126	139	124	142	140	136	137	118	138	121	133	134	133	132	135	127	132	133	130	120	93	126	129	137	103	117	124	120	129	126	131	130	136	127	115	130	135	133	133	116
Singapore	42	47	45	49	40	39	37	34	33	31	30	30	32	34	37	39	37	46	35	46	34	36	38	34	45	42	51	48	41	46	45	45	35	44	32	45	50	53	44	43	50	57	49	35	37	38	32	49	51	52	53	50	47	40	47	48	39	44	41	48	35	30	35
Slovakia	105	109	102	107	106	109	113	106	104	113	111	102	115	111	113	115	104	118	128	109	111	103	122	108	80	113	94	102	106	103	128	106	105	112	115	105	110	77	107	111	100	61	102	114	110	117	132	124	122	117	117	118	105	119	129	113	105	81	131	127	116	112	121
Slovenia	106	113	114	118	110	116	115	119	109	126	117	103	98	96	97	106	95	86	103	110	105	106	124	113	104	103	99	112	112	113	107	111	91	99	91	95	113	98	108	107	97	40	95	103	102	103	110	108	120	110	79	111	107	104	103	99	86	108	120	100	110	114	119
Somalia	31	71	74	63	89	86	90	94	98	95	93	75	88	97	92	71	88	89	95	97	67	75	47	46	64	78	81	38	62	77	76	69	78	60	52	68	61	97	80	88	80	94	70	90	80	75	72	88	84	78	78	76	73	82	44	50	70	59	81	70	81	95	90
South Africa	19	21	19	17	19	18	20	20	17	14	21	22	23	22	22	19	24	21	18	22	28	26	21	22	26	22	22	22	26	16	25	23	22	25	21	20	27	23	26	27	18	12	22	22	33	32	35	30	5	38	46	33	32	35	31	28	28	33	28	33	28	28	29
South Korea	38	31	35	31	39	37	28	27	32	41	39	36	46	50	43	43	51	39	41	38	45	40	46	48	47	40	39	40	39	42	46	46	47	46	47	48	54	49	49	48	38	30	46	46	52	46	26	36	44	63	74	58	52	58	49	43	52	56	61	44	60	34	56
South Sudan	103	106	120	114	112	113	124	122	112	98	118	111	127	117	122	116	115	121	111	126	134	124	129	131	137	136	120	130	139	138	122	133	138	129	121	118	134	139	143	108	139	138	146	120	141	119	120	116	88	113	135	143	109	102	83	116	121	128	123	113	123	119	112
Spain	33	23	30	27	26	24	25	33	30	32	31	37	38	29	34	32	32	23	25	24	33	34	34	39	37	32	37	27	34	32	33	37	39	43	39	40	42	30	35	29	20	27	21	34	30	43	31	34	34	48	55	37	24	28	30	23	31	31	24	29	30	18	25
Sri Lanka	67	49	36	29	54	59	61	62	50	51	44	39	43	44	46	55	61	65	53	56	78	55	64	60	41	37	42	39	27	52	63	57	61	65	55	52	56	72	87	67	69	74	65	57	82	85	70	75	64	68	66	56	70	61	71	71	77	74	77	76	53	69	49
Sudan	57	60	67	52	53	56	65	61	59	52	56	51	63	54	67	62	69	73	51	66	70	87	88	81	85	82	45	79	84	89	77	85	85	80	71	74	87	87	88	70	93	95	89	82	87	83	85	77	56	70	87	88	71	73	56	81	80	87	84	69	78	81	67
Sweden	63	50	65	58	61	63	66	55	52	61	65	67	59	63	61	72	63	52	65	57	68	47	68	61	68	60	71	72	64	55	62	67	66	61	68	62	80	51	59	71	73	82	75	72	70	69	77	54	80	83	100	83	69	71	63	84	84	79	71	63	74	58	75
Switzerland	53	62	66	67	64	67	62	67	64	56	54	50	44	55	54	63	56	40	55	58	55	54	74	64	52	52	62	60	61	70	65	62	53	59	62	63	55	43	63	69	64	56	63	79	57	67	81	68	63	82	88	77	67	65	78	66	65	78	69	64	67	62	71
Syria	36	41	49	44	44	52	53	50	40	53	49	62	67	59	55	52	49	66	61	81	72	57	67	66	57	74	77	76	72	72	79	74	81	87	83	83	83	86	82	83	79	91	85	80	77	77	74	76	73	72	68	49	40	44	57	37	49	50	49	35	40	57	44
Taiwan	55	56	55	53	55	57	52	39	36	40	45	38	34	41	35	46	45	51	49	49	44	44	42	43	50	45	48	53	51	50	56	36	48	54	54	59	49	44	48	52	56	60	57	48	51	53	58	59	53	58	50	60	60	56	60	53	62	65	66	62	46	38	51
Tajikistan	151	152	150	147	151	152	149	135	151	147	150	152	153	153	149	144	148	152	151	114	147	151	151	148	151	139	118	149	148	145	145	146	147	144	150	150	151	147	149	146	145	144	150	143	149	150	147	150	148	150	145	148	150	149	149	152	149	142	146	153	148	146	145
Tanzania	86	100	96	110	108	110	110	103	107	122	113	109	106	82	107	96	107	98	107	118	113	108	111	107	116	102	110	116	110	115	109	114	109	103	108	117	121	114	103	122	109	100	92	115	116	108	100	115	123	112	128	114	87	98	109	115	104	118	105	110	102	94	97
Thailand	48	55	61	54	48	58	48	53	42	45	55	45	57	58	59	50	39	64	54	48	47	48	40	35	60	48	61	45	60	54	50	53	59	52	58	55	69	60	53	41	45	75	66	60	63	56	52	57	26	57	64	61	58	64	61	68	74	42	38	45	51	50	47
Togo	133	127	123	121	129	129	134	131	121	114	126	121	123	115	125	131	127	115	127	113	117	121	130	123	124	122	116	100	115	104	108	118	100	107	103	98	38	89	84	104	104	109	115	111	98	111	107	107	106	105	96	104	119	127	116	125	122	112	112	122	121	124	123
Tunisia	125	132	133	120	125	132	132	132	133	131	121	129	112	130	123	137	126	129	137	134	128	140	132	132	128	126	137	134	129	130	136	132	119	121	120	129	109	132	133	126	123	124	129	124	123	136	134	122	30	19	33	43	49	67	89	64	79	67	80	78	84	99	99
Turkey	46	39	48	39	36	47	49	42	51	22	23	40	58	38	45	47	47	37	46	45	50	50	31	49	49	56	56	44	56	62	59	60	54	49	43	54	63	62	55	60	48	46	59	52	60	65	57	62	74	74	83	68	56	50	62	55	45	51	45	53	52	40	48
Turkmenistan	141	129	140	141	134	135	143	137	137	111	134	132	139	134	138	138	139	142	138	137	140	145	143	142	132	142	143	138	135	142	125	144	135	139	142	124	141	141	140	141	142	147	145	150	142	141	139	136	135	116	134	139	134	137	97	139	134	138	141	143	132	139	137
Uganda	73	80	87	87	94	93	95	91	88	96	75	88	79	95	103	98	101	92	86	105	100	93	91	92	95	111	95	92	104	105	92	98	95	90	94	97	89	100	86	99	89	103	60	95	92	92	101	101	93	94	108	92	93	96	79	90	101	86	100	98	88	87	88
Ukraine	39	43	39	25	33	45	45	41	37	28	36	35	45	32	31	31	40	41	43	27	31	31	37	29	14	33	31	34	35	40	38	40	38	38	35	35	35	29	37	31	44	45	38	36	34	30	36	31	46	37	38	29	39	36	38	30	30	34	37	32	44	46	41
United Arab Emirates	85	85	82	74	69	89	82	92	94	91	81	83	73	85	84	94	89	91	90	106	91	86	80	89	88	81	91	78	83	86	99	91	103	92	67	65	84	82	79	86	87	99	90	75	95	74	71	72	86	84	86	84	82	89	93	97	94	92	48	83	86	91	84
United Kingdom	4	4	3	3	3	3	3	3	3	3	3	3	3	4	3	3	3	4	4	3	3	3	3	2	3	2	3	3	4	4	4	3	4	4	4	4	5	3	4	4	4	6	5	6	6	8	8	7	11	8	18	8	4	5	5	4	5	5	5	6	8	11	13
United States	1	1	1	1	1	1	1	1	1	1	1	1	1	1	1	1	1	1	1	1	1	1	1	1	1	1	1	1	1	1	1	1	1	1	1	1	1	1	1	1	1	1	1	1	1	1	1	1	1	1	1	1	1	1	1	1	1	1	1	1	1	2	1
Uruguay	26	33	26	40	41	34	22	30	43	37	33	34	40	36	39	36	41	35	39	47	38	37	43	44	42	41	35	37	40	37	41	33	27	21	26	26	44	38	34	30	28	10	6	31	32	26	29	29	27	31	29	35	36	22	10	27	35	28	23	24	36	42	34
Uzbekistan	136	138	130	115	122	122	99	110	128	125	115	124	132	128	120	125	132	135	133	103	110	109	133	134	123	106	124	127	119	102	131	127	113	120	125	123	126	127	132	115	124	84	133	123	122	134	106	131	101	129	133	136	133	122	126	133	133	129	134	136	125	121	128
Venezuela	17	18	21	19	17	15	16	18	26	21	15	14	16	13	13	21	17	19	19	17	13	18	20	18	17	13	13	17	17	13	14	10	9	14	13	15	14	16	14	13	16	25	9	12	10	11	13	10	12	11	13	16	18	13	7	13	15	13	16	15	14	14	14
Vietnam	20	37	33	37	34	41	35	35	31	36	34	43	35	37	36	33	35	43	34	37	39	38	33	42	53	53	54	59	48	58	48	48	45	45	46	43	62	61	52	53	53	64	50	51	54	36	48	39	54	59	54	62	62	59	65	61	68	60	40	57	58	44	50
West Bank	51	52	60	55	43	26	41	58	62	63	53	48	39	56	38	53	58	63	57	77	81	83	65	25	8	34	47	64	52	57	68	65	68	64	63	66	77	74	57	76	54	36	61	67	59	79	86	71	75	75	70	59	59	77	76	69	63	69	90	85	77	83	79
Yemen	115	115	118	111	121	121	97	123	125	127	109	113	129	122	96	99	98	109	114	117	92	116	93	94	96	108	105	104	105	79	95	99	101	108	85	50	33	90	91	94	91	105	103	99	104	58	61	96	67	25	23	32	34	45	72	80	53	53	64	65	76	97	73
Zambia	127	124	134	125	124	124	112	126	130	137	128	123	101	126	135	97	129	120	124	115	124	119	137	130	136	132	131	124	131	134	137	129	129	125	124	122	98	128	124	128	117	128	121	131	130	126	127	129	129	131	140	116	136	114	138	138	123	120	124	137	97	122	117
Zimbabwe	99	82	38	70	67	81	80	81	72	88	84	66	75	80	48	25	48	26	33	52	52	62	61	38	54	50	69	87	85	82	82	82	83	77	80	100	100	96	81	85	74	72	88	84	90	89	88	84	71	76	77	90	96	88	92	77	89	90	88	89	73	82	76
